pdb_id,chain_a,chain_b,split
1A2K,C,AB,test
1A2W,A,B,test
1A79,C,B,test
1A99,C,D,test
1ACB,E,I,test
1AGQ,C,D,test
1AHS,C,B,test
1AK4,A,D,test
1AN1,E,I,test
1ARZ,A,C,test
1ATN,A,D,test
1AVX,A,B,test
1AY7,A,B,test
1B27,A,D,test
1B2S,A,D,test
1B2U,A,D,test
1B3S,A,D,test
1B3T,A,B,test
1B65,A,B,test
1B6C,A,B,test
1BJR,I,E,test
1BO4,A,B,test
1BPO,C,B,test
1BRS,A,D,test
1C3X,A,C,test
1C8N,A,C,test
1C9P,A,B,test
1C9S,G,H,test
1C9T,A,G,test
1CBW,ABC,D,test
1CGI,E,I,test
1CL7,I,H,test
1CQ3,A,B,test
1D6R,A,I,test
1DB2,A,B,test
1DEV,C,D,test
1DFJ,E,I,test
1DJS,A,B,test
1DLE,A,B,test
1DML,A,B,test
1DN2,B,F,test
1E5Q,C,D,test
1E8N,A,I,test
1EAI,A,C,test
1EAW,A,B,test
1EJA,A,B,test
1EM8,A,B,test
1EPT,A,B,test
1ERN,A,B,test
1EWJ,C,D,test
1EWY,A,C,test
1EZI,A,B,test
1EZU,C,AB,test
1F2U,C,D,test
1F37,A,B,test
1F45,A,B,test
1F5R,A,I,test
1F7Z,A,I,test
1F9S,A,D,test
1FCC,AB,C,test
1FFV,A,C,test
1FGL,A,B,test
1FIW,A,L,test
1FLE,E,I,test
1FU5,A,B,test
1FY8,E,I,test
1G31,C,B,test
1G60,A,B,test
1G9I,E,I,test
1GCQ,C,B,test
1GGP,A,B,test
1GL0,E,I,test
1GL1,A,I,test
1GO4,D,H,test
1GT7,O,P,test
1GUS,C,E,test
1GXD,A,C,test
1H1V,A,G,test
1H6D,I,J,test
1H9R,A,B,test
1HAA,A,B,test
1HBT,I,H,test
1HCF,AB,X,test
1HEZ,BA,E,test
1HIA,AB,I,test
1HPU,C,B,test
1HX5,A,B,test
1HYR,A,C,test
1I07,A,B,test
1I4E,A,B,test
1I4O,B,D,test
1I9C,C,D,test
1ICF,A,I,test
1ID5,H,L,test
1IGU,A,B,test
1IJX,B,E,test
1INN,A,B,test
1IYJ,C,D,test
1J3R,A,B,test
1J4U,A,B,test
1JBU,H,X,test
1JFM,E,D,test
1JIW,P,I,test
1JK9,B,A,test
1JK9,B,D,test
1JK9,C,D,test
1JKG,A,B,test
1JNP,A,B,test
1JTD,B,A,test
1JXQ,C,D,test
1JYI,A,P,test
1JZO,A,B,test
1K88,A,B,test
1KAC,A,B,test
1KCA,G,H,test
1KL8,A,B,test
1KXJ,A,B,test
1KXP,A,D,test
1L0A,A,B,test
1L2W,C,J,test
1L4D,A,B,test
1L4I,A,B,test
1L4Z,A,B,test
1LDT,T,L,test
1LK6,I,C,test
1LQM,E,F,test
1LW6,E,I,test
1M1F,A,B,test
1MAS,A,B,test
1MBY,A,B,test
1MCV,A,I,test
1MK9,G,F,test
1ML0,AB,D,test
1MR1,A,D,test
1MZW,A,B,test
1N0L,C,D,test
1NB5,AP,I,test
1NP6,A,B,test
1NPO,A,C,test
1NQ9,I,L,test
1NQL,A,B,test
1NR7,A,E,test
1NR9,C,D,test
1NU9,A,C,test
1O9A,A,B,test
1O9Y,A,D,test
1OMO,A,B,test
1OS2,E,F,test
1OSM,C,B,test
1OX9,D,L,test
1OYV,B,I,test
1P3H,I,H,test
1P69,A,B,test
1P6A,A,B,test
1P9U,F,H,test
1PBI,A,B,test
1PGL,1,2,test
1POI,A,D,test
1PPE,E,I,test
1PVH,A,B,test
1PXV,A,C,test
1PXV,B,D,test
1Q1L,B,D,test
1Q5H,A,B,test
1Q8M,A,B,test
1Q9U,A,B,test
1QB3,A,C,test
1QI1,C,B,test
1QJS,A,B,test
1QOL,G,F,test
1R0K,C,D,test
1R0R,E,I,test
1R7A,A,B,test
1R9N,D,H,test
1RY7,A,B,test
1RZJ,C,G,test
1RZP,C,B,test
1S1Q,A,B,test
1S4C,C,B,test
1S98,A,B,test
1SCE,A,C,test
1SCE,B,D,test
1SHS,A,C,test
1SHS,A,E,test
1SHW,A,B,test
1SHY,A,B,test
1SMF,E,I,test
1SMO,A,B,test
1SOT,A,C,test
1SUW,C,D,test
1T0F,A,B,test
1T0H,A,B,test
1T0P,A,B,test
1T6B,X,Y,test
1T7P,A,B,test
1T8U,A,B,test
1TAW,A,B,test
1TE1,A,B,test
1TM1,E,I,test
1TM3,E,I,test
1TM4,E,I,test
1TM5,E,I,test
1TM7,E,I,test
1TO1,E,I,test
1TQ9,A,B,test
1TZI,BA,V,test
1TZS,A,P,test
1U20,A,B,test
1UAN,A,B,test
1UDI,E,I,test
1UE7,C,D,test
1UGH,E,I,test
1UHE,A,B,test
1UK4,A,G,test
1UM2,A,C,test
1UMF,B,D,test
1UNN,A,B,test
1UP6,A,D,test
1UUG,A,B,test
1UWG,L,X,test
1V8H,A,B,test
1VG9,E,G,test
1VGC,C,B,test
1VGO,A,B,test
1VH4,A,B,test
1VHJ,C,F,test
1VS3,A,B,test
1VZY,A,B,test
1W1I,B,E,test
1W4R,A,D,test
1WDX,C,B,test
1WLP,A,B,test
1WOQ,A,B,test
1WQJ,B,I,test
1WZ3,A,B,test
1X1U,A,D,test
1X1W,A,D,test
1X1X,A,D,test
1X1Y,A,D,test
1XD3,A,B,test
1XD3,C,D,test
1XDT,T,R,test
1XFS,A,B,test
1XG2,A,B,test
1XPJ,A,D,test
1XSQ,A,B,test
1XT9,A,B,test
1XUA,A,B,test
1XV2,A,B,test
1XWD,A,B,test
1Y07,A,B,test
1Y0G,A,B,test
1Y1K,E,I,test
1Y1O,A,B,test
1Y33,E,I,test
1Y34,E,I,test
1Y3B,E,I,test
1Y3C,E,I,test
1Y3D,E,I,test
1Y43,A,B,test
1Y48,E,I,test
1Y4A,E,I,test
1Y4D,E,I,test
1Y96,A,B,test
1YBG,A,B,test
1YC0,A,I,test
1YC6,3,E,test
1YCS,A,B,test
1YFN,D,H,test
1YL7,A,D,test
1YLQ,A,B,test
1YOX,C,B,test
1YUK,A,B,test
1YVB,A,I,test
1YY9,A,D,test
1Z0K,A,C,test
1Z3G,A,H,test
1Z3G,B,I,test
1Z5Y,D,E,test
1ZCP,A,B,test
1ZH8,A,B,test
1ZJD,A,B,test
1ZLI,A,B,test
1ZR0,A,B,test
1ZUD,3,4,test
1ZVN,A,B,test
2A0S,A,B,test
2A2L,C,B,test
2A5Z,A,C,test
2A6P,A,B,test
2A74,E,F,test
2ABZ,B,E,test
2AF6,B,D,test
2AFF,A,B,test
2ANE,C,D,test
2AOB,C,D,test
2AQX,A,B,test
2AVF,C,B,test
2AXW,A,B,test
2AZN,A,D,test
2B3Z,C,D,test
2B42,B,A,test
2BBA,A,P,test
2BCM,C,B,test
2BE1,A,B,test
2BMA,C,B,test
2BTF,A,P,test
2BUJ,A,B,test
2C1W,A,B,test
2C35,D,H,test
2C7E,C,D,test
2C9P,A,B,test
2CCL,A,C,test
2CE8,A,B,test
2CH8,A,D,test
2CJR,A,B,test
2CO6,A,B,test
2D10,A,E,test
2D1P,D,G,test
2D2A,A,B,test
2DG0,E,H,test
2DOH,X,C,test
2DOI,X,C,test
2DP4,I,E,test
2DPF,C,D,test
2DSP,B,I,test
2DUP,A,B,test
2DYM,G,H,test
2E4M,A,C,test
2EIL,A,F,test
2EJG,B,D,test
2EP5,B,D,test
2ETE,A,B,test
2EVV,C,D,test
2EWN,A,B,test
2F2F,C,B,test
2FB8,A,B,test
2FBE,C,D,test
2FDB,M,P,test
2FE8,A,C,test
2FJU,B,A,test
2FKD,G,J,test
2FP7,A,B,test
2FPE,A,B,test
2FTL,E,I,test
2FTM,A,B,test
2FU5,A,D,test
2G2U,A,B,test
2G2W,A,B,test
2G45,A,B,test
2G6V,A,B,test
2G81,E,I,test
2GBK,B,D,test
2GD4,C,B,test
2GEC,A,B,test
2GEF,A,B,test
2GHV,C,E,test
2GHW,C,D,test
2GJV,C,D,test
2GKW,A,B,test
2GQS,A,B,test
2GS7,A,B,test
2GT2,A,B,test
2H1T,A,B,test
2H3N,A,B,test
2H5K,A,B,test
2HAX,A,B,test
2HD3,C,D,test
2HD3,E,F,test
2HDP,A,B,test
2HEK,A,B,test
2HEY,T,G,test
2HJ1,A,B,test
2HL3,A,B,test
2HLE,A,B,test
2HQH,B,F,test
2HQL,A,E,test
2HTB,C,D,test
2HVB,A,B,test
2HVY,A,C,test
2HWJ,A,C,test
2HZM,G,H,test
2HZS,B,H,test
2HZS,F,K,test
2I04,A,B,test
2I0B,A,B,test
2I32,A,E,test
2I5G,A,B,test
2I79,C,B,test
2I7R,A,B,test
2I9B,C,G,test
2IA9,A,B,test
2IDO,A,B,test
2IHS,A,C,test
2IJ0,C,B,test
2IO1,A,B,test
2IQH,A,C,test
2IWO,A,B,test
2IWP,A,B,test
2IY1,A,B,test
2J12,A,B,test
2J7Q,C,D,test
2J8X,A,B,test
2JG8,D,F,test
2JI1,C,D,test
2JJS,A,C,test
2JJS,B,D,test
2JJT,A,C,test
2JOD,A,B,test
2K2S,A,B,test
2K6D,A,B,test
2KAI,A,B,test
2KWJ,A,B,test
2L0F,A,B,test
2L29,A,B,test
2LBU,E,D,test
2MCN,A,B,test
2MNU,A,B,test
2MTA,HL,A,test
2NBV,A,B,test
2NM1,A,B,test
2NN3,C,D,test
2NQD,A,B,test
2NU1,I,E,test
2NUU,K,L,test
2NXM,A,B,test
2NZ1,X,Y,test
2O8Q,A,B,test
2O95,A,B,test
2O9Q,A,C,test
2OGJ,E,F,test
2OIN,A,C,test
2OKQ,A,B,test
2OPI,A,B,test
2OS5,A,D,test
2OS7,C,F,test
2OTL,A,Z,test
2OUL,A,B,test
2OVI,A,D,test
2OYA,A,B,test
2OZK,B,D,test
2P04,A,B,test
2P35,A,B,test
2P42,A,B,test
2P43,A,B,test
2P44,A,B,test
2P45,A,B,test
2P46,A,B,test
2P47,A,B,test
2P48,A,B,test
2P49,A,B,test
2P4A,A,B,test
2P4R,A,T,test
2P4Z,A,B,test
2P5X,A,B,test
2P6B,A,E,test
2PKG,A,C,test
2PMV,A,B,test
2PNH,A,B,test
2PO2,A,B,test
2PQ2,A,B,test
2PQS,A,B,test
2PQV,A,B,test
2PTC,E,I,test
2PUY,B,E,test
2PZD,A,B,test
2Q17,C,B,test
2Q7N,A,B,test
2Q81,A,D,test
2QBW,A,B,test
2QBX,A,P,test
2QC1,A,B,test
2QF3,A,C,test
2QKI,A,G,test
2QLC,C,B,test
2QLP,A,C,test
2QW7,I,H,test
2QYI,C,D,test
2R0K,A,H,test
2R2C,A,B,test
2R5O,A,B,test
2R9P,A,E,test
2RA3,A,C,test
2RL7,C,D,test
2SIC,E,I,test
2SNI,E,I,test
2TGP,Z,I,test
2UUY,A,B,test
2V0R,A,B,test
2V3B,A,B,test
2V52,B,M,test
2VE6,A,D,test
2VER,A,N,test
2VIF,A,P,test
2VJF,C,D,test
2VPM,A,B,test
2VSC,A,B,test
2W0C,C,B,test
2W1T,A,B,test
2W2N,A,E,test
2W80,A,D,test
2W80,G,H,test
2W81,A,D,test
2WAM,A,C,test
2WC4,A,C,test
2WFX,A,B,test
2WG3,A,C,test
2WG4,A,B,test
2WLG,C,B,test
2WO2,A,B,test
2WO3,A,B,test
2WQ4,A,C,test
2WQZ,A,D,test
2WVT,A,B,test
2WWX,A,B,test
2X36,C,D,test
2X53,W,V,test
2X5Q,A,B,test
2X89,F,G,test
2X8K,A,B,test
2X9A,A,D,test
2X9A,C,D,test
2X9M,B,D,test
2XB6,A,C,test
2XBB,A,C,test
2XCE,E,D,test
2XFG,A,B,test
2XJZ,C,K,test
2XTJ,A,D,test
2Y32,B,D,test
2Y9X,B,F,test
2YC2,A,D,test
2YCH,A,B,test
2YH9,A,C,test
2YVJ,A,B,test
2YVL,B,D,test
2YVS,A,B,test
2YYS,A,B,test
2YZJ,A,C,test
2Z0E,A,B,test
2Z0P,C,D,test
2Z29,A,B,test
2Z2M,C,B,test
2Z7F,E,I,test
2Z7X,A,B,test
2Z8M,A,B,test
2ZA4,A,B,test
2ZCK,P,S,test
2ZDC,A,B,test
2ZG6,A,B,test
2ZME,A,C,test
2ZNV,E,D,test
2ZSU,A,B,test
2ZVW,C,E,test
2ZVW,C,K,test
2ZXW,O,U,test
3A1P,C,D,test
3AD8,B,D,test
3AEH,A,B,test
3AFF,A,B,test
3AHS,A,C,test
3AJY,A,C,test
3ALZ,A,B,test
3AOG,H,L,test
3AXY,B,D,test
3B01,A,C,test
3B08,A,B,test
3B5U,B,D,test
3B5U,J,L,test
3B6P,B,D,test
3B76,A,B,test
3B93,A,C,test
3B9I,A,B,test
3BAL,A,B,test
3BCP,A,B,test
3BCW,A,B,test
3BFW,C,D,test
3BGL,C,B,test
3BHD,A,B,test
3BIW,A,E,test
3BN3,A,B,test
3BPD,G,F,test
3BQB,A,X,test
3BRC,A,B,test
3BRD,A,D,test
3BT1,B,U,test
3BTV,A,B,test
3BWU,C,D,test
3BX1,A,C,test
3BX7,A,C,test
3C0B,C,D,test
3C4O,A,B,test
3C4P,A,B,test
3C7T,A,C,test
3C8I,A,B,test
3CAM,A,B,test
3CDW,A,H,test
3CE9,A,D,test
3CEW,C,D,test
3CG8,C,B,test
3CGY,A,B,test
3CHW,A,P,test
3CJX,G,H,test
3CO2,A,D,test
3CQ9,C,D,test
3D1E,A,P,test
3D1M,A,D,test
3D4G,C,D,test
3D4R,A,B,test
3D5N,F,I,test
3DA7,A,D,test
3DAW,A,B,test
3DAX,A,B,test
3DCA,C,D,test
3DCL,A,B,test
3DGP,A,B,test
3DJP,A,B,test
3DKU,A,B,test
3DQQ,A,B,test
3DSN,C,B,test
3E05,B,H,test
3E05,C,B,test
3E1Z,A,B,test
3E2K,A,D,test
3E2L,A,C,test
3E2U,A,E,test
3E38,A,B,test
3E9M,A,D,test
3ECY,A,B,test
3EDP,A,B,test
3EHU,A,C,test
3EMJ,K,L,test
3EN0,A,B,test
3ENT,A,B,test
3EPZ,A,B,test
3EUK,C,E,test
3EYD,C,D,test
3F5N,A,D,test
3F74,A,B,test
3F75,A,P,test
3FCG,A,B,test
3FD4,A,B,test
3FEF,C,D,test
3FFU,A,B,test
3FG8,C,E,test
3FHC,A,B,test
3FJS,C,D,test
3FJU,A,B,test
3FK9,A,B,test
3FL1,A,B,test
3FLP,M,N,test
3FP6,E,I,test
3FPR,A,D,test
3FPU,A,B,test
3FPV,A,F,test
3FSN,A,B,test
3FUY,A,B,test
3FYF,A,B,test
3G9V,A,B,test
3GBU,A,D,test
3GFU,A,B,test
3GMW,A,B,test
3GNJ,C,D,test
3GQH,A,B,test
3GRW,A,H,test
3GWY,A,B,test
3GXU,A,B,test
3GZ8,A,B,test
3GZE,A,X,test
3GZE,C,Y,test
3GZR,A,B,test
3H11,BC,A,test
3H35,C,B,test
3H3B,A,C,test
3H6S,A,E,test
3H8D,B,F,test
3H8G,B,E,test
3H9G,A,E,test
3HCG,A,C,test
3HF5,A,D,test
3HHJ,A,B,test
3HLN,O,U,test
3HM8,A,C,test
3HMK,A,B,test
3HN6,B,D,test
3HO5,B,H,test
3HPN,E,F,test
3HQR,A,S,test
3HRD,E,H,test
3HT2,A,C,test
3HTR,A,B,test
3I2B,E,H,test
3I5V,A,D,test
3I84,A,B,test
3IAS,G,F,test
3IBM,A,B,test
3ISM,A,B,test
3JRQ,A,B,test
3JUY,C,B,test
3JVC,A,C,test
3JVZ,B,D,test
3JZA,A,B,test
3K1R,A,B,test
3K25,A,B,test
3K3C,A,B,test
3K4W,D,F,test
3K6S,A,E,test
3K9M,A,C,test
3K9M,B,D,test
3KDG,A,B,test
3KL9,I,J,test
3KLQ,A,B,test
3KMH,A,B,test
3KMT,A,B,test
3KQZ,K,L,test
3KTM,C,F,test
3KTS,A,B,test
3KW5,A,B,test
3KWV,D,F,test
3KY8,A,B,test
3KZH,A,B,test
3L2H,A,D,test
3L33,A,E,test
3L9J,C,T,test
3LAQ,A,U,test
3LHX,A,B,test
3LM1,E,F,test
3LMS,A,B,test
3LQV,B,Q,test
3LRJ,C,D,test
3LU9,E,F,test
3M5O,A,C,test
3M5R,A,G,test
3M85,B,E,test
3M85,B,G,test
3MAL,A,B,test
3ME4,A,B,test
3MJ9,A,H,test
3ML6,B,F,test
3MQW,C,D,test
3MZW,A,B,test
3N2B,A,C,test
3N4I,A,B,test
3N6Q,E,H,test
3NCT,B,D,test
3NEK,A,B,test
3NFG,G,H,test
3NGB,E,G,test
3NPG,C,D,test
3NRJ,A,H,test
3NS1,A,B,test
3NTQ,A,B,test
3O2X,B,D,test
3O34,A,B,test
3O9L,A,B,test
3OEU,2,M,test
3OGF,A,B,test
3OGO,A,E,test
3OJ2,A,C,test
3OJM,A,B,test
3OKJ,C,D,test
3OLM,A,D,test
3OSL,A,B,test
3OZB,A,C,test
3P71,C,T,test
3P83,B,F,test
3P8B,C,D,test
3P92,A,E,test
3P95,A,E,test
3P9W,A,B,test
3PCQ,C,D,test
3PGA,1,4,test
3PIG,A,B,test
3PIM,A,B,test
3PNR,A,B,test
3PPE,A,B,test
3PRP,A,B,test
3PS4,C,B,test
3PYY,A,B,test
3Q0Y,C,B,test
3Q7H,K,M,test
3Q87,A,B,test
3Q9N,A,C,test
3Q9U,A,C,test
3QC8,A,B,test
3QDZ,B,E,test
3QFM,A,B,test
3QHY,A,B,test
3QJ7,A,D,test
3QNA,A,D,test
3QPB,K,J,test
3QQ8,A,B,test
3QSK,A,B,test
3QWN,I,J,test
3QWQ,A,B,test
3RBQ,B,H,test
3RDZ,A,C,test
3RT0,A,C,test
3S5B,A,B,test
3S8V,A,X,test
3S9C,A,B,test
3SGB,E,I,test
3SGQ,E,I,test
3SJ9,A,B,test
3SLH,A,B,test
3SM1,A,B,test
3SOQ,A,Z,test
3T3A,A,B,test
3TDM,A,B,test
3TG9,A,B,test
3TGK,E,I,test
3THT,A,B,test
3TII,A,B,test
3TIW,B,D,test
3TL8,A,B,test
3TND,B,D,test
3TQY,A,B,test
3TSR,A,E,test
3TSZ,A,B,test
3TU3,A,B,test
3U02,B,D,test
3U1O,A,B,test
3U4J,C,B,test
3UI2,A,B,test
3UIR,A,C,test
3UVN,C,D,test
3UZP,A,B,test
3UZV,A,B,test
3V3K,A,B,test
3V4P,B,H,test
3V5N,C,D,test
3V96,A,B,test
3VPJ,A,E,test
3VYR,A,B,test
3WA5,A,B,test
3WDG,A,B,test
3WN7,A,B,test
3ZRZ,A,C,test
3ZWL,B,E,test
4A94,A,D,test
4AFQ,A,C,test
4AFZ,A,C,test
4AG2,A,C,test
4AN7,A,B,test
4AOQ,A,D,test
4AOR,A,D,test
4APF,A,B,test
4AYD,A,D,test
4AYE,A,D,test
4AYI,A,D,test
4B1V,B,N,test
4B1X,B,M,test
4B1Y,B,M,test
4BD9,A,B,test
4BQD,A,C,test
4BWQ,E,F,test
4CDK,A,E,test
4CJ0,A,B,test
4CJ1,A,B,test
4CMM,A,B,test
4CPA,A,I,test
4DG4,A,E,test
4DGE,A,C,test
4DOQ,A,B,test
4EIG,A,B,test
4EQA,A,C,test
4F0A,A,B,test
4FT4,B,Q,test
4FZA,A,B,test
4G6U,A,B,test
4GH7,A,B,test
4GI3,A,C,test
4HDO,A,B,test
4I6L,A,B,test
4ILW,A,D,test
4IOP,A,B,test
4J2Y,A,B,test
4JRA,A,D,test
4JW3,A,C,test
4K1R,A,B,test
4K24,A,U,test
4KBB,A,C,test
4KDI,A,C,test
4KFZ,A,C,test
4KGG,C,A,test
4KR0,A,B,test
4KRL,B,A,test
4KSD,A,B,test
4KV5,C,D,test
4L0P,A,B,test
4LAD,A,B,test
4LLO,A,B,test
4LQW,A,D,test
4LYL,A,B,test
4M0W,A,B,test
4M5F,A,B,test
4MSM,A,B,test
4NOO,A,B,test
4NSO,A,B,test
4NZL,A,B,test
4NZW,A,B,test
4PEQ,A,B,test
4PJ2,A,D,test
4POU,A,B,test
4PQT,A,B,test
4QT8,A,C,test
4QZV,A,B,test
4RS1,B,A,test
4TQ0,A,B,test
4TQ1,A,B,test
4U30,A,X,test
4U97,A,B,test
4UDM,B,A,test
4V0M,F,E,test
4V0N,D,C,test
4V0O,F,E,test
4W6X,A,B,test
4WEM,A,B,test
4WEN,A,B,test
4XL1,A,B,test
4XL5,A,C,test
4XLW,A,B,test
4XXB,A,B,test
4YDJ,HL,G,test
4YEB,A,B,test
4YN0,A,B,test
4YWC,A,C,test
4ZK9,A,B,test
4ZKC,A,B,test
4ZQU,A,B,test
5AYR,A,B,test
5AYS,A,C,test
5B75,A,B,test
5B76,A,B,test
5B77,A,B,test
5B78,A,B,test
5CJO,HL,A,test
5D1K,A,B,test
5D1L,A,B,test
5D1M,A,B,test
5D3I,A,B,test
5DJT,A,B,test
5DMJ,A,B,test
5EB1,A,B,test
5F3X,A,B,test
5F4E,A,B,test
5G1X,A,B,test
5GPG,A,B,test
5HPK,A,B,test
5INB,A,B,test
5IOH,A,B,test
5J28,A,C,test
5JKE,A,B,test
5JLV,A,C,test
5JMC,A,B,test
5JYL,A,B,test
6CMG,CB,A,test
4ZQK,A,B,test
3BIK,A,B,test
1A0G,A,B,train
1A0H,E,D,train
1A14,HL,N,train
1A1U,A,C,train
1A22,A,B,train
1A2A,C,D,train
1A2X,A,B,train
1A2Y,BA,C,train
1A3R,H,P,train
1A6D,A,B,train
1A6J,A,B,train
1A73,A,B,train
1AA7,A,B,train
1ADQ,HL,A,train
1ADY,C,D,train
1AFV,KM,B,train
1AHW,AB,C,train
1AIH,C,D,train
1AKJ,AB,DE,train
1AOR,A,B,train
1APY,C,B,train
1APZ,B,D,train
1ASY,A,B,train
1AUI,A,B,train
1AVA,A,C,train
1AVF,A,P,train
1AVO,K,L,train
1AVZ,B,C,train
1AX4,B,D,train
1AXC,A,B,train
1AXI,A,B,train
1AZ4,A,B,train
1AZS,AB,C,train
1AZZ,A,D,train
1B0N,A,B,train
1B35,C,B,train
1B47,A,B,train
1B4K,A,B,train
1B4U,C,D,train
1B5F,A,B,train
1B65,B,D,train
1B8A,A,B,train
1B9L,C,D,train
1B9M,A,B,train
1B9Y,A,C,train
1BBH,A,B,train
1BC5,A,T,train
1BCP,H,L,train
1BCR,A,B,train
1BDF,C,D,train
1BGX,HL,T,train
1BHM,A,B,train
1BHW,A,C,train
1BIH,A,B,train
1BJ1,HL,VW,train
1BJ1,K,V,train
1BJA,A,B,train
1BK6,B,E,train
1BKD,R,S,train
1BO6,A,B,train
1BOU,B,D,train
1BPL,A,B,train
1BR1,C,D,train
1BUH,A,B,train
1BVK,DE,F,train
1BVN,P,T,train
1BVP,3,2,train
1C28,C,B,train
1C3C,A,B,train
1C7N,C,D,train
1C8O,A,B,train
1C8U,A,B,train
1CB7,B,D,train
1CDC,A,B,train
1CF4,A,B,train
1CF7,A,B,train
1CFF,A,B,train
1CHM,A,B,train
1CJ1,G,H,train
1CL7,H,L,train
1CLI,A,B,train
1CLV,A,I,train
1CMV,A,B,train
1CN3,E,D,train
1CN4,C,B,train
1COZ,A,B,train
1CP2,A,B,train
1CQI,A,B,train
1CRX,A,B,train
1CS0,A,B,train
1CSG,A,B,train
1CTA,A,B,train
1CX8,G,F,train
1CZ8,YX,V,train
1D02,A,B,train
1D1J,B,D,train
1D2Z,A,B,train
1D3Y,A,B,train
1D4X,A,G,train
1D8H,A,B,train
1D9E,A,B,train
1D9G,A,B,train
1DBQ,A,B,train
1DBW,A,B,train
1DC1,A,B,train
1DD1,A,B,train
1DDJ,A,B,train
1DDZ,A,B,train
1DE4,AB,CF,train
1DE4,A,C,train
1DE4,C,F,train
1DE5,A,B,train
1DE7,B,K,train
1DEE,A,B,train
1DEE,G,H,train
1DGB,B,D,train
1DGR,W,V,train
1DHG,A,B,train
1DHK,A,B,train
1DJ8,A,B,train
1DK4,A,B,train
1DLT,A,B,train
1DM5,E,F,train
1DM9,A,B,train
1DNW,B,D,train
1DOH,A,B,train
1DOS,A,B,train
1DP5,A,B,train
1DPJ,A,B,train
1DQJ,AB,C,train
1DQN,A,B,train
1DS8,M,L,train
1DSX,E,H,train
1DVF,B,D,train
1DXX,C,D,train
1DZB,A,X,train
1E0J,A,B,train
1E0U,C,D,train
1E1H,A,B,train
1E3U,A,C,train
1E44,A,B,train
1E4K,AB,C,train
1E6E,A,B,train
1E6J,HL,P,train
1E6V,B,E,train
1E8F,A,B,train
1E96,A,B,train
1E9I,A,B,train
1EBD,A,B,train
1EBO,D,F,train
1EC5,C,B,train
1ECI,A,B,train
1EER,A,BC,train
1EER,A,B,train
1EES,A,B,train
1EEX,A,G,train
1EEX,A,L,train
1EF1,B,D,train
1EF8,A,B,train
1EFN,B,A,train
1EFV,A,B,train
1EGH,A,B,train
1EGH,A,F,train
1EGJ,HL,A,train
1EHI,A,B,train
1EHK,A,C,train
1EI1,A,B,train
1EJW,A,C,train
1EK6,A,B,train
1EL6,A,C,train
1EM1,A,B,train
1EMU,A,B,train
1EMV,A,B,train
1EO3,A,B,train
1EO8,HL,A,train
1ES0,A,B,train
1ESM,C,D,train
1ETE,C,D,train
1EV7,A,B,train
1EXB,ABDC,EGFH,train
1EZ1,A,B,train
1F06,A,B,train
1F0V,C,D,train
1F15,A,B,train
1F23,C,B,train
1F28,A,B,train
1F34,A,B,train
1F36,A,B,train
1F3M,B,D,train
1F3R,A,B,train
1F3T,A,B,train
1F3U,G,H,train
1F3V,A,B,train
1F3X,G,H,train
1F4J,B,D,train
1F51,AB,E,train
1F5M,A,B,train
1F5T,A,B,train
1F5Z,C,B,train
1F6M,A,C,train
1F8M,C,D,train
1F8Y,A,B,train
1F9Z,A,B,train
1FAK,HL,T,train
1FB1,A,E,train
1FBI,HL,X,train
1FBV,A,C,train
1FC2,C,D,train
1FCD,B,D,train
1FD4,K,L,train
1FE8,HL,A,train
1FFW,A,B,train
1FJ1,DC,E,train
1FK8,A,B,train
1FLC,E,F,train
1FLE,I,E,train
1FMO,E,I,train
1FNE,C,D,train
1FNS,HL,A,train
1FOD,1,2,train
1FQ1,A,B,train
1FQJ,A,B,train
1FQJ,A,C,train
1FR8,A,B,train
1FS0,E,G,train
1FS1,C,D,train
1FSK,BC,A,train
1FSK,D,F,train
1FT8,C,B,train
1FT9,A,B,train
1FUI,D,F,train
1FUJ,C,B,train
1FWG,C,B,train
1FYF,A,B,train
1FYH,A,B,train
1FZ0,A,C,train
1FZ0,A,E,train
1FZR,C,D,train
1FZW,A,B,train
1G09,A,B,train
1G0S,A,B,train
1G0U,1,Z,train
1G0V,A,B,train
1G21,B,D,train
1G3I,G,M,train
1G3J,A,B,train
1G3J,C,D,train
1G5C,A,B,train
1G5G,D,F,train
1G5H,A,B,train
1G64,A,B,train
1G6Q,5,6,train
1G6U,A,B,train
1G6V,A,K,train
1G6W,C,D,train
1G8K,A,B,train
1G8M,A,B,train
1G8R,A,B,train
1G8Y,G,H,train
1G9M,HL,G,train
1GCQ,B,C,train
1GDT,A,B,train
1GG2,A,B,train
1GGM,A,B,train
1GH7,A,B,train
1GHQ,A,B,train
1GK0,C,D,train
1GK2,B,D,train
1GK9,A,B,train
1GLA,G,F,train
1GLC,G,F,train
1GMW,B,D,train
1GN4,B,D,train
1GNG,A,X,train
1GP2,A,BG,train
1GPQ,A,B,train
1GPW,A,B,train
1GQA,A,D,train
1GQG,B,D,train
1GQM,K,L,train
1GQY,A,B,train
1GRC,A,B,train
1GRI,A,B,train
1GRN,A,B,train
1GU9,G,H,train
1GUA,A,B,train
1GUQ,A,B,train
1GVM,E,F,train
1GX7,A,D,train
1GXJ,A,B,train
1GY7,C,D,train
1GYL,A,B,train
1GYY,A,B,train
1GZ3,A,B,train
1GZS,A,B,train
1H0D,BA,C,train
1H0H,K,L,train
1H0T,A,B,train
1H18,A,B,train
1H21,C,D,train
1H2I,O,P,train
1H2M,A,S,train
1H2S,A,B,train
1H2U,B,Y,train
1H3L,A,B,train
1H59,A,B,train
1H6D,A,C,train
1H6K,B,Y,train
1H6W,A,B,train
1H74,A,B,train
1H81,A,B,train
1H9D,A,B,train
1HBM,A,E,train
1HBN,A,D,train
1HBU,D,F,train
1HE1,B,D,train
1HE1,C,A,train
1HE8,B,A,train
1HF2,C,D,train
1HI9,E,D,train
1HJR,B,D,train
1HKQ,A,B,train
1HN2,A,B,train
1HR6,E,F,train
1HSA,A,C,train
1HSJ,A,B,train
1HT9,A,B,train
1HV2,A,B,train
1HWG,C,B,train
1HWL,A,B,train
1HXH,A,D,train
1HXM,C,D,train
1I1A,A,C,train
1I1D,C,B,train
1I2M,A,B,train
1I3O,D,F,train
1I4D,D,AB,train
1I50,B,J,train
1I6O,A,B,train
1I78,A,B,train
1I7Q,C,D,train
1I7W,C,D,train
1I7X,A,B,train
1I7X,C,D,train
1I8L,A,C,train
1I9R,HL,ABC,train
1IAH,A,B,train
1IAO,A,B,train
1IAR,A,B,train
1IB1,AB,E,train
1IBR,A,B,train
1IC5,Y,H,train
1IHM,A,C,train
1IHM,C,B,train
1IHR,A,B,train
1II2,A,B,train
1II8,A,B,train
1IIE,C,B,train
1IJF,A,B,train
1IJK,A,BC,train
1IJL,A,B,train
1IK9,A,C,train
1IQ5,A,B,train
1IQ6,A,B,train
1IQD,AB,C,train
1IQP,C,F,train
1IR2,7,Y,train
1IRA,Y,X,train
1IS7,Q,R,train
1IS8,D,G,train
1ISG,A,B,train
1ISS,A,B,train
1IT8,A,B,train
1IUG,A,B,train
1IVO,A,B,train
1IVO,B,D,train
1IWA,F,I,train
1IWQ,A,B,train
1IXQ,B,D,train
1IXS,A,B,train
1IY9,A,B,train
1IZ1,A,B,train
1J0E,A,B,train
1J1D,A,C,train
1J1E,A,C,train
1J2J,A,B,train
1J2U,A,F,train
1J2U,C,D,train
1J2W,B,D,train
1J31,C,D,train
1J3K,B,D,train
1J3L,A,C,train
1J4V,A,B,train
1J70,A,B,train
1J7D,A,B,train
1J7V,L,R,train
1J9I,A,B,train
1JAY,A,B,train
1JB7,A,B,train
1JD6,A,B,train
1JFI,C,B,train
1JFQ,H,L,train
1JG8,B,D,train
1JH4,A,B,train
1JHL,HL,A,train
1JJO,B,D,train
1JKV,C,D,train
1JMA,A,B,train
1JMO,A,HL,train
1JMT,A,B,train
1JMU,B,F,train
1JMV,A,B,train
1JN9,C,D,train
1JNB,G,F,train
1JNY,A,B,train
1JNZ,A,B,train
1JPS,HL,T,train
1JPY,X,Y,train
1JR3,E,D,train
1JRA,C,D,train
1JRH,HL,I,train
1JS3,A,B,train
1JSU,C,B,train
1JTG,B,A,train
1JTO,B,M,train
1JWH,CD,A,train
1JX7,E,F,train
1JXH,A,B,train
1JYO,E,D,train
1JZD,AB,C,train
1JZD,C,B,train
1JZT,A,B,train
1K0Z,A,B,train
1K2E,A,B,train
1K3R,A,B,train
1K3S,A,B,train
1K4C,AB,C,train
1K4R,C,B,train
1K4U,P,S,train
1K50,B,D,train
1K5D,AB,C,train
1K5G,G,H,train
1K66,A,B,train
1K6D,A,B,train
1K74,AB,DE,train
1K7L,C,G,train
1K93,A,D,train
1KAM,A,D,train
1KAR,A,B,train
1KBQ,A,C,train
1KCF,A,B,train
1KF9,A,C,train
1KHU,C,B,train
1KHV,A,B,train
1KHW,A,B,train
1KI9,C,B,train
1KIG,I,H,train
1KIZ,A,B,train
1KJN,A,B,train
1KKE,A,B,train
1KKL,ABC,H,train
1KLU,AB,D,train
1KM1,A,B,train
1KNX,E,F,train
1KNY,A,B,train
1KNZ,I,J,train
1KPC,A,B,train
1KRL,C,D,train
1KSH,A,B,train
1KTK,B,F,train
1KTZ,A,B,train
1KVE,C,D,train
1KXQ,H,A,train
1KXT,A,B,train
1KXV,A,C,train
1KY6,A,P,train
1KYQ,A,B,train
1KZC,1,2,train
1L0X,A,B,train
1L0Y,A,B,train
1L3L,A,C,train
1L5X,A,B,train
1L6X,A,B,train
1L8C,A,B,train
1L8D,A,B,train
1L8L,A,B,train
1LBH,A,B,train
1LDC,A,B,train
1LDP,H,P,train
1LE5,A,E,train
1LEH,A,B,train
1LFD,B,A,train
1LFD,C,D,train
1LGR,F,H,train
1LHR,A,B,train
1LI1,E,D,train
1LJ2,A,B,train
1LK3,IM,B,train
1LK5,A,B,train
1LKY,C,D,train
1LLI,A,B,train
1LM7,A,B,train
1LMK,E,G,train
1LNY,A,B,train
1LP1,A,B,train
1LQS,M,L,train
1LQW,A,B,train
1LSS,A,B,train
1LT7,A,B,train
1LUA,C,B,train
1LUC,A,B,train
1LWI,A,B,train
1LX5,A,B,train
1LX7,A,B,train
1LYW,G,H,train
1LZW,A,B,train
1M10,A,B,train
1M1E,A,B,train
1M1J,C,B,train
1M1T,A,B,train
1M27,AB,C,train
1M2B,A,B,train
1M32,C,D,train
1M34,B,E,train
1M5N,S,Q,train
1M7E,C,F,train
1M7G,C,D,train
1M7H,A,B,train
1M7U,A,B,train
1M8A,A,B,train
1M93,A,B,train
1M9F,C,B,train
1MA9,A,B,train
1MAH,A,F,train
1MB2,C,F,train
1MC3,A,B,train
1MCO,H,L,train
1MD0,A,B,train
1MDY,A,B,train
1MEC,3,2,train
1MF4,A,B,train
1MHC,D,F,train
1MHP,XY,B,train
1MHW,A,C,train
1MJT,A,B,train
1MKM,A,B,train
1ML1,A,E,train
1ML1,I,K,train
1MLC,AB,E,train
1MNM,A,B,train
1MO1,A,B,train
1MOE,A,B,train
1MPS,H,M,train
1MQ8,A,B,train
1MQS,A,B,train
1MR9,C,B,train
1MSB,A,B,train
1MTO,C,D,train
1MV8,C,D,train
1MVK,A,C,train
1MW5,A,B,train
1MWQ,A,B,train
1MXE,A,E,train
1MY7,A,B,train
1N0E,A,H,train
1N13,E,F,train
1N1C,A,B,train
1N1E,A,B,train
1N23,A,B,train
1N2C,ABCD,EF,train
1N2D,A,C,train
1N2M,E,F,train
1N4M,B,D,train
1N6J,A,B,train
1N7F,A,B,train
1N80,C,D,train
1N9E,C,D,train
1N9J,A,B,train
1N9S,G,F,train
1NA1,A,B,train
1NA6,A,B,train
1NBA,C,D,train
1NBW,A,C,train
1NBY,BA,C,train
1NCA,HL,N,train
1NCB,HL,N,train
1ND6,A,B,train
1NDG,BA,C,train
1NDM,BA,C,train
1NF3,A,C,train
1NFD,FE,B,train
1NFV,G,H,train
1NGM,E,F,train
1NGM,M,N,train
1NH2,B,D,train
1NH2,C,D,train
1NHW,B,D,train
1NJ8,A,B,train
1NJJ,A,B,train
1NKI,A,B,train
1NKQ,E,F,train
1NKV,A,B,train
1NLN,A,B,train
1NMB,HL,N,train
1NN4,C,D,train
1NNQ,A,B,train
1NOV,A,D,train
1NP3,C,D,train
1NP8,A,B,train
1NPO,A,B,train
1NPP,A,B,train
1NPP,C,D,train
1NR4,C,D,train
1NSN,HL,S,train
1NT2,A,B,train
1NVI,E,D,train
1NVM,A,C,train
1NVU,Q,S,train
1NVU,S,R,train
1NW2,E,H,train
1NW9,A,B,train
1NW9,B,A,train
1NWD,A,C,train
1NWW,A,B,train
1NX1,A,B,train
1NX1,A,C,train
1NZ0,A,C,train
1O0W,A,B,train
1O1N,A,B,train
1O28,A,D,train
1O4U,A,B,train
1O57,C,D,train
1O61,A,B,train
1O63,A,B,train
1O7L,C,D,train
1O94,A,B,train
1O94,C,D,train
1O9I,A,F,train
1O9K,A,B,train
1O9K,A,P,train
1OA8,A,B,train
1OAN,A,B,train
1OB1,BA,C,train
1OB8,A,B,train
1OC0,A,B,train
1OCW,H,L,train
1OCZ,Q,R,train
1OEY,A,J,train
1OEY,C,L,train
1OFU,B,Y,train
1OFU,XY,A,train
1OG6,C,B,train
1OGY,A,B,train
1OHF,A,C,train
1OHF,B,D,train
1OHF,C,D,train
1OHV,A,B,train
1OIA,A,B,train
1OJ7,A,D,train
1OJH,C,D,train
1OLP,C,D,train
1OMZ,A,B,train
1ONW,A,B,train
1OOQ,A,B,train
1OP9,A,B,train
1OPH,A,B,train
1OQ1,B,D,train
1OQB,C,D,train
1OQC,B,D,train
1OQJ,A,B,train
1OR6,A,B,train
1OR7,A,C,train
1ORQ,BA,C,train
1ORQ,C,B,train
1ORS,BA,C,train
1ORY,A,B,train
1OSG,F,L,train
1OSP,HL,O,train
1OT8,C,B,train
1OTU,A,B,train
1OTW,A,B,train
1OV3,A,B,train
1OW4,A,B,train
1OXH,A,B,train
1OXK,C,F,train
1OXK,G,H,train
1OY1,A,B,train
1OY5,A,C,train
1OYP,A,B,train
1OZ7,A,B,train
1P27,A,B,train
1P2C,AB,C,train
1P32,A,B,train
1P4O,A,B,train
1P4Q,A,B,train
1P51,A,B,train
1P6X,A,B,train
1P7G,K,J,train
1P8C,A,E,train
1P9E,A,B,train
1P9L,A,B,train
1P9O,A,B,train
1PB0,A,B,train
1PC6,A,B,train
1PCF,E,F,train
1PCZ,A,B,train
1PF9,C,D,train
1PF9,H,N,train
1PFF,A,B,train
1PIV,3,2,train
1PJM,A,B,train
1PJN,A,B,train
1PJS,A,B,train
1PK1,A,B,train
1PK8,A,B,train
1PK8,A,C,train
1PKQ,GF,J,train
1PKQ,G,J,train
1PM3,A,B,train
1PNB,A,B,train
1POI,A,B,train
1POI,A,C,train
1PQZ,A,B,train
1PUF,A,B,train
1PUG,C,D,train
1PUI,A,B,train
1PWE,E,F,train
1PXT,A,B,train
1PYA,E,F,train
1PYI,A,B,train
1PYT,A,B,train
1PYT,A,C,train
1PYT,B,D,train
1PYW,A,D,train
1PZM,A,B,train
1PZN,E,D,train
1PZR,A,B,train
1Q05,A,B,train
1Q08,A,B,train
1Q0K,H,K,train
1Q0K,I,H,train
1Q10,A,B,train
1Q1T,A,C,train
1Q23,I,H,train
1Q2H,A,B,train
1Q3U,A,B,train
1Q40,C,D,train
1Q4Q,D,Q,train
1Q52,A,D,train
1Q57,A,B,train
1Q5X,A,B,train
1Q6I,A,B,train
1Q74,A,B,train
1Q7L,C,D,train
1QA9,A,B,train
1QAV,A,B,train
1QBZ,A,B,train
1QCB,H,D,train
1QD6,B,D,train
1QE6,C,D,train
1QEX,A,B,train
1QFH,A,B,train
1QFU,HL,A,train
1QFW,IM,AB,train
1QFX,A,B,train
1QG7,A,B,train
1QGE,E,D,train
1QGT,A,B,train
1QHH,A,B,train
1QI9,A,B,train
1QIP,C,D,train
1QJG,E,F,train
1QKI,E,F,train
1QL0,A,B,train
1QM5,A,B,train
1QOL,A,F,train
1QQ5,A,B,train
1QQJ,A,B,train
1QS4,C,B,train
1QSO,A,B,train
1QVR,A,B,train
1QVR,C,B,train
1QX5,B,K,train
1QXN,A,B,train
1QXO,A,B,train
1QXO,B,D,train
1QYN,A,B,train
1QZ7,A,B,train
1R15,E,F,train
1R1U,A,B,train
1R2F,A,B,train
1R30,A,B,train
1R3K,C,B,train
1R3N,C,D,train
1R4A,F,H,train
1R4C,A,B,train
1R4M,B,D,train
1R4M,G,H,train
1R52,C,D,train
1R5I,A,D,train
1R5X,A,B,train
1R6O,A,C,train
1R6Q,A,C,train
1R7H,A,B,train
1R7I,A,B,train
1R8J,A,B,train
1R8O,A,B,train
1R8S,A,E,train
1R8U,A,B,train
1RB8,J,F,train
1RDF,C,B,train
1RER,A,C,train
1RF8,A,B,train
1RFZ,A,D,train
1RHG,A,C,train
1RHZ,A,B,train
1RI8,A,B,train
1RJC,A,B,train
1RJL,BA,C,train
1RK4,A,B,train
1RKC,A,B,train
1RKE,A,B,train
1RLB,ABCD,E,train
1RLD,A,B,train
1RLI,C,B,train
1RM0,A,B,train
1RM1,C,B,train
1RO7,C,D,train
1RP7,A,B,train
1RPN,A,D,train
1RPQ,A,W,train
1RPQ,C,Y,train
1RQD,A,B,train
1RTY,C,B,train
1RV6,VW,X,train
1RXD,C,B,train
1RXV,A,B,train
1RY1,C,D,train
1RYI,C,D,train
1RYY,E,G,train
1S16,A,B,train
1S26,C,F,train
1S28,C,D,train
1S3N,A,B,train
1S3Z,A,B,train
1S4F,A,B,train
1S4K,A,B,train
1S59,C,E,train
1S5F,E,D,train
1S7M,A,B,train
1S8F,A,B,train
1SB0,A,B,train
1SB2,A,B,train
1SBB,A,B,train
1SC6,A,B,train
1SDD,A,B,train
1SFK,A,B,train
1SFX,A,B,train
1SG2,A,C,train
1SG2,C,B,train
1SG4,A,B,train
1SGJ,A,B,train
1SHQ,A,B,train
1SHZ,A,C,train
1SIE,B,F,train
1SKV,A,B,train
1SLQ,E,F,train
1SND,A,B,train
1SOJ,A,J,train
1SP8,C,D,train
1SPB,P,S,train
1SPI,A,B,train
1SPP,A,B,train
1SQ0,A,B,train
1SQ7,A,B,train
1SQB,C,D,train
1SQE,A,B,train
1SQX,B,I,train
1SR4,A,C,train
1SR6,A,B,train
1SS4,A,B,train
1ST0,A,B,train
1STM,E,D,train
1STZ,A,B,train
1STZ,A,C,train
1SU1,A,D,train
1SUS,A,C,train
1SUV,A,B,train
1SV0,A,C,train
1SVZ,B,D,train
1SWJ,A,B,train
1SXJ,C,B,train
1SXJ,E,D,train
1SY6,HL,A,train
1SYQ,A,B,train
1SYR,E,L,train
1SYX,A,B,train
1SZ2,A,B,train
1SZH,A,B,train
1SZQ,A,B,train
1T01,A,B,train
1T08,A,C,train
1T0B,A,C,train
1T0F,B,D,train
1T0R,A,C,train
1T11,A,B,train
1T1L,A,B,train
1T1V,A,B,train
1T33,A,B,train
1T3I,A,B,train
1T3L,A,B,train
1T3U,A,B,train
1T3W,A,B,train
1T44,A,G,train
1T44,G,A,train
1T5Z,A,B,train
1T62,A,B,train
1T63,A,B,train
1T6G,B,D,train
1T6P,G,H,train
1T6S,A,B,train
1T70,C,D,train
1T8Q,C,B,train
1T98,A,B,train
1T9D,C,D,train
1T9G,C,B,train
1T9I,A,B,train
1TA3,A,B,train
1TB3,C,B,train
1TBA,A,B,train
1TBX,A,B,train
1TDQ,A,B,train
1TDT,A,B,train
1TE2,A,B,train
1TF0,A,B,train
1TH1,A,C,train
1TH7,E,H,train
1THN,A,C,train
1TIJ,A,B,train
1TJ7,A,B,train
1TJO,A,C,train
1TKV,A,B,train
1TLH,A,B,train
1TLJ,A,B,train
1TMC,A,B,train
1TMQ,A,B,train
1TMX,A,B,train
1TO0,G,H,train
1TO6,A,B,train
1TOA,A,B,train
1TQ8,C,D,train
1TQB,BC,A,train
1TT5,B,D,train
1TU1,A,B,train
1TUE,M,Q,train
1TVK,A,B,train
1TX4,A,B,train
1TXN,A,B,train
1TY4,A,C,train
1TY9,A,B,train
1TZ9,A,B,train
1TZH,HL,V,train
1U07,A,B,train
1U0R,C,B,train
1U0S,Y,A,train
1U2E,A,C,train
1U2M,A,B,train
1U2V,C,G,train
1U4F,C,D,train
1U5I,A,B,train
1U5U,A,B,train
1U5W,E,F,train
1U69,B,D,train
1U6G,A,B,train
1U6J,G,H,train
1U6S,A,B,train
1U7H,A,B,train
1U7I,A,B,train
1U7Z,A,B,train
1U8S,A,B,train
1U8T,B,F,train
1U8V,B,D,train
1U8V,C,D,train
1UAC,HL,Y,train
1UAD,A,C,train
1UCY,I,N,train
1UD0,A,B,train
1UF2,D,P,train
1UFI,A,B,train
1UFO,C,D,train
1UI5,A,B,train
1UIJ,A,C,train
1UJ3,BA,C,train
1UL1,A,X,train
1ULG,B,D,train
1UM0,A,B,train
1UN8,A,B,train
1UNN,C,B,train
1UOD,A,B,train
1UP4,A,B,train
1UP8,C,D,train
1UR6,A,B,train
1US7,A,B,train
1USU,A,B,train
1USV,A,B,train
1USY,A,B,train
1UT4,A,B,train
1UTR,A,B,train
1UUN,A,B,train
1UUZ,A,D,train
1UVZ,E,F,train
1UWI,B,D,train
1V0E,D,F,train
1V18,A,B,train
1V1H,E,F,train
1V1P,A,B,train
1V26,A,B,train
1V3E,A,B,train
1V54,Q,X,train
1V5W,A,B,train
1V5X,A,B,train
1V7C,A,B,train
1V8D,A,B,train
1V8P,G,H,train
1VB5,A,B,train
1VC8,A,B,train
1VCB,E,F,train
1VCH,A,B,train
1VCH,C,D,train
1VDD,A,B,train
1VE5,C,B,train
1VEA,A,B,train
1VET,A,B,train
1VEU,A,B,train
1VFB,AB,C,train
1VG0,A,B,train
1VGL,C,D,train
1VH0,A,B,train
1VH5,A,B,train
1VH6,A,B,train
1VHK,C,D,train
1VHZ,A,B,train
1VJL,A,B,train
1VJQ,A,B,train
1VKM,A,B,train
1VL6,C,D,train
1VL7,A,B,train
1VLR,A,B,train
1VMD,A,B,train
1VMK,A,C,train
1VP2,A,B,train
1VPP,Y,W,train
1VR7,A,B,train
1VR9,A,B,train
1VRB,A,B,train
1VRK,A,B,train
1VRR,A,B,train
1VSG,A,B,train
1VSQ,A,B,train
1VYH,M,N,train
1VYT,A,E,train
1W1W,B,F,train
1W23,A,B,train
1W39,A,C,train
1W3B,A,B,train
1W3Z,A,B,train
1W4C,K,J,train
1W6U,C,D,train
1W9A,A,B,train
1W9Z,C,B,train
1WB4,A,B,train
1WD6,A,B,train
1WDJ,A,B,train
1WDL,A,B,train
1WDM,B,D,train
1WDW,BD,A,train
1WDW,F,H,train
1WDZ,A,B,train
1WEJ,HL,F,train
1WEK,C,D,train
1WKH,A,B,train
1WKQ,A,B,train
1WKV,A,B,train
1WLE,A,B,train
1WLI,A,B,train
1WMI,A,B,train
1WMS,A,B,train
1WN1,A,B,train
1WO8,C,B,train
1WOV,A,B,train
1WP7,A,B,train
1WPP,A,B,train
1WPX,A,B,train
1WQ1,R,G,train
1WQA,A,D,train
1WR6,A,E,train
1WRD,A,B,train
1WRS,S,R,train
1WSC,A,B,train
1WT5,B,D,train
1WTE,B,A,train
1WTU,A,B,train
1WWP,A,B,train
1WWR,A,B,train
1WX0,C,D,train
1WX1,A,B,train
1WYU,A,B,train
1WYW,A,B,train
1WYZ,B,D,train
1WZ7,C,B,train
1X0G,B,D,train
1X2H,A,C,train
1X2I,A,B,train
1X6V,A,B,train
1X7O,A,B,train
1X87,A,B,train
1X8D,A,B,train
1X8S,A,B,train
1X8Z,A,B,train
1X9A,A,B,train
1X9J,G,H,train
1XAO,A,B,train
1XCB,C,D,train
1XCR,A,B,train
1XD9,A,B,train
1XDK,E,F,train
1XDP,A,B,train
1XEB,A,D,train
1XF6,B,D,train
1XF9,A,D,train
1XFC,A,B,train
1XG5,C,D,train
1XHN,A,B,train
1XHU,A,B,train
1XI8,A,B,train
1XIW,E,F,train
1XJ7,A,B,train
1XKP,A,C,train
1XKP,C,B,train
1XL3,B,D,train
1XLY,A,B,train
1XM3,A,B,train
1XNY,A,B,train
1XOU,A,B,train
1XQH,A,B,train
1XQS,A,C,train
1XQS,B,D,train
1XR0,A,B,train
1XR4,A,B,train
1XTG,A,B,train
1XTT,C,D,train
1XU1,ABD,T,train
1XU1,B,S,train
1XUV,A,C,train
1XWO,A,C,train
1XX7,B,F,train
1XXI,C,B,train
1XXI,E,D,train
1XY7,A,B,train
1XZ8,A,B,train
1XZP,A,B,train
1Y0B,C,D,train
1Y0H,A,B,train
1Y0U,A,B,train
1Y10,A,B,train
1Y1A,A,B,train
1Y23,C,D,train
1Y2I,A,E,train
1Y2M,A,D,train
1Y33,I,E,train
1Y3A,B,F,train
1Y4M,A,B,train
1Y4Z,C,B,train
1Y56,A,B,train
1Y5Y,C,B,train
1Y60,E,D,train
1Y64,A,B,train
1Y6K,L,R,train
1Y6M,L,R,train
1Y6N,L,R,train
1Y7Q,A,B,train
1Y7R,A,B,train
1Y82,A,B,train
1Y8G,A,B,train
1Y8N,A,B,train
1Y8Q,A,B,train
1Y8T,A,C,train
1YA0,A,B,train
1YAF,A,C,train
1YAU,Q,P,train
1YAV,A,B,train
1YC8,A,B,train
1YD8,U,H,train
1YDG,E,F,train
1YDI,A,B,train
1YE9,B,F,train
1YE9,C,B,train
1YE9,K,N,train
1YEW,I,J,train
1YF2,A,B,train
1YF9,A,B,train
1YJ7,C,D,train
1YJD,HL,C,train
1YKE,C,D,train
1YKJ,A,B,train
1YLM,A,B,train
1YLX,A,B,train
1YNH,A,D,train
1YNJ,K,J,train
1YNT,DC,G,train
1YNT,D,G,train
1YP2,A,B,train
1YQF,E,F,train
1YQV,HL,Y,train
1YRB,A,B,train
1YRN,A,B,train
1YRT,A,B,train
1YRU,A,B,train
1YTV,A,M,train
1YUM,B,D,train
1YV1,A,B,train
1YVI,A,B,train
1YWH,E,F,train
1YWK,A,C,train
1YYV,A,B,train
1Z01,A,C,train
1Z0K,A,B,train
1Z1G,C,D,train
1Z2X,A,B,train
1Z3G,IM,B,train
1Z69,C,D,train
1Z6O,A,M,train
1Z6O,B,K,train
1Z6Y,A,B,train
1Z7M,A,B,train
1Z7Q,C,B,train
1Z7U,A,B,train
1Z82,A,B,train
1Z85,A,B,train
1Z8K,A,C,train
1Z92,A,B,train
1Z94,C,B,train
1Z9O,B,H,train
1ZA3,HL,R,train
1ZAE,A,B,train
1ZAV,U,V,train
1ZBB,G,H,train
1ZBX,A,B,train
1ZC3,A,D,train
1ZC4,A,D,train
1ZC4,B,D,train
1ZCT,A,B,train
1ZDN,A,B,train
1ZFN,A,B,train
1ZGX,A,B,train
1ZHH,A,B,train
1ZHI,A,B,train
1ZKE,B,F,train
1ZKP,B,D,train
1ZKU,C,B,train
1ZM4,A,B,train
1ZMY,A,L,train
1ZN7,A,B,train
1ZNP,C,B,train
1ZOQ,B,D,train
1ZOT,A,B,train
1ZPQ,A,B,train
1ZPQ,C,D,train
1ZPS,A,B,train
1ZT9,E,D,train
1ZTX,HL,E,train
1ZV5,L,A,train
1ZVH,A,L,train
1ZVH,L,A,train
1ZVY,A,B,train
1ZX4,A,B,train
1ZXM,A,B,train
1ZXO,C,E,train
1ZXZ,A,B,train
1ZY4,A,B,train
1ZY7,A,B,train
2A07,I,H,train
2A19,A,B,train
2A1A,B,A,train
2A1F,C,D,train
2A1S,A,D,train
2A1T,D,S,train
2A2J,A,B,train
2A2O,C,D,train
2A2O,E,D,train
2A40,E,D,train
2A41,A,C,train
2A4R,A,B,train
2A4W,A,B,train
2A56,C,D,train
2A5D,A,B,train
2A5H,C,D,train
2A5T,A,B,train
2A61,C,D,train
2A67,A,D,train
2A6A,A,B,train
2A6D,L,H,train
2A6K,A,B,train
2A6Q,C,F,train
2A6S,A,B,train
2A72,A,B,train
2A73,A,B,train
2A74,E,D,train
2A78,A,B,train
2A7K,I,H,train
2A7U,A,B,train
2A7W,I,J,train
2A9K,A,B,train
2A9S,A,B,train
2ABM,G,H,train
2ACM,A,B,train
2ADF,HL,A,train
2ADL,A,B,train
2ADV,C,B,train
2AE8,E,D,train
2AEP,HL,A,train
2AF4,C,D,train
2AHM,B,F,train
2AJF,A,E,train
2ANU,A,B,train
2AO9,A,H,train
2AP6,A,B,train
2AP9,C,B,train
2APT,A,B,train
2AQ1,A,B,train
2AQ2,A,B,train
2AQ3,A,B,train
2ARJ,HL,Q,train
2ARK,C,D,train
2ARP,A,F,train
2ARR,A,P,train
2ASS,A,B,train
2AST,A,B,train
2ATX,A,B,train
2AUH,A,B,train
2AUN,A,B,train
2AVU,C,D,train
2AVU,D,F,train
2AVU,E,F,train
2AW2,A,B,train
2AW6,A,F,train
2AXT,A,D,train
2AXT,A,I,train
2AYO,A,B,train
2AZE,A,B,train
2B0Z,A,B,train
2B10,A,B,train
2B11,A,B,train
2B12,A,B,train
2B2K,A,B,train
2B2X,HL,A,train
2B3D,A,B,train
2B3S,A,B,train
2B43,B,D,train
2B4C,H,G,train
2B4J,AB,C,train
2B5F,A,B,train
2B5L,A,C,train
2B5U,C,D,train
2B7C,A,B,train
2B81,A,B,train
2B8W,A,B,train
2B99,B,D,train
2B9B,C,B,train
2B9S,A,B,train
2B9Z,A,B,train
2BA0,B,E,train
2BA0,E,H,train
2BAY,A,D,train
2BAY,E,F,train
2BCJ,A,Q,train
2BCX,A,B,train
2BDN,HL,A,train
2BE6,A,D,train
2BEC,A,B,train
2BEX,B,D,train
2BFG,F,H,train
2BGC,G,F,train
2BGW,A,B,train
2BIS,A,B,train
2BKI,A,B,train
2BM8,I,H,train
2BMC,A,C,train
2BMC,E,F,train
2BOL,A,B,train
2BP7,A,B,train
2BQZ,A,B,train
2BSE,A,C,train
2BSJ,A,B,train
2BTU,A,B,train
2BW3,A,B,train
2BWN,E,D,train
2BYC,A,B,train
2BYK,A,B,train
2BYM,A,B,train
2BYM,C,D,train
2BZN,G,H,train
2C0L,A,B,train
2C1L,A,B,train
2C1M,A,B,train
2C1T,A,C,train
2C21,C,D,train
2C23,A,P,train
2C2I,A,B,train
2C2L,C,D,train
2C2L,C,G,train
2C2X,A,B,train
2C37,S,T,train
2C3B,A,B,train
2C41,E,H,train
2C57,A,C,train
2C5J,A,B,train
2C6X,C,D,train
2C7M,A,B,train
2C7N,A,B,train
2C9J,E,G,train
2C9N,Y,Z,train
2C9T,F,J,train
2CAY,A,B,train
2CB2,C,B,train
2CDB,A,C,train
2CDB,C,D,train
2CDU,A,B,train
2CFH,A,C,train
2CH5,A,B,train
2CHP,A,D,train
2CJ9,A,B,train
2CJS,A,C,train
2CKF,B,F,train
2CLB,A,B,train
2CLY,E,D,train
2CMR,HL,A,train
2CN4,A,B,train
2CO5,A,B,train
2CPK,E,I,train
2CS7,A,C,train
2CT9,A,B,train
2CVO,A,B,train
2CVO,A,D,train
2CVO,B,D,train
2CW6,C,D,train
2CWO,C,B,train
2CXS,A,B,train
2CZV,B,D,train
2D00,A,F,train
2D13,B,D,train
2D1C,A,B,train
2D1W,A,B,train
2D42,A,B,train
2D4C,A,B,train
2D4U,A,B,train
2D4V,A,B,train
2D68,A,B,train
2D8D,A,B,train
2DB4,A,B,train
2DB7,A,B,train
2DC0,A,B,train
2DCN,G,I,train
2DD4,A,C,train
2DD5,B,J,train
2DD8,H,L,train
2DDK,A,B,train
2DDM,A,B,train
2DDZ,A,B,train
2DE5,B,E,train
2DEX,A,X,train
2DF7,H,O,train
2DI3,A,B,train
2DJF,A,B,train
2DKJ,A,B,train
2DLB,A,B,train
2DM9,A,B,train
2DPD,A,B,train
2DPN,A,B,train
2DPP,A,B,train
2DS2,A,B,train
2DS6,A,B,train
2DT5,A,B,train
2DU4,A,B,train
2DUM,C,B,train
2DV6,D,F,train
2DVM,C,D,train
2DVT,A,B,train
2DWN,C,D,train
2DX0,A,B,train
2DX5,A,B,train
2DX7,A,B,train
2DXB,B,K,train
2DXB,I,H,train
2E0N,A,B,train
2E1M,A,B,train
2E1M,A,C,train
2E1M,C,B,train
2E2D,A,C,train
2E2K,C,D,train
2E2P,A,B,train
2E5F,A,B,train
2E6F,A,B,train
2E6G,A,B,train
2E7J,A,B,train
2E7S,G,H,train
2E85,A,B,train
2E89,A,B,train
2E9D,A,B,train
2E9F,A,D,train
2E9X,E,G,train
2EAY,A,B,train
2EB0,A,B,train
2EBY,A,B,train
2EC9,U,T,train
2ED4,A,B,train
2ED6,G,H,train
2EF7,A,B,train
2EF8,A,B,train
2EFC,C,D,train
2EFD,A,B,train
2EFH,A,B,train
2EG5,E,G,train
2EGG,A,B,train
2EGO,A,B,train
2EH8,L,P,train
2EIZ,BA,C,train
2EJ0,B,D,train
2EJN,A,B,train
2EJW,A,B,train
2EK5,A,B,train
2EKD,C,B,train
2EKY,B,D,train
2EPO,A,B,train
2EQ5,A,B,train
2ERJ,A,D,train
2ERJ,G,H,train
2ES4,A,D,train
2ES4,B,E,train
2ESM,A,B,train
2EV4,A,B,train
2EV5,A,B,train
2EX5,B,A,train
2F03,A,C,train
2F07,A,B,train
2F08,C,B,train
2F1V,C,B,train
2F22,A,B,train
2F2A,C,B,train
2F2E,A,B,train
2F2O,A,B,train
2F2T,A,B,train
2F31,A,B,train
2F3E,A,B,train
2F3T,E,F,train
2F48,A,B,train
2F4E,A,B,train
2F4L,C,D,train
2F4M,A,B,train
2F4N,A,C,train
2F4P,A,B,train
2F54,A,C,train
2F5G,A,B,train
2F5I,A,B,train
2F5J,A,B,train
2F6L,A,B,train
2F6U,A,B,train
2F7S,A,B,train
2F8B,A,B,train
2F8J,C,D,train
2F9I,C,D,train
2F9W,A,B,train
2F9Z,A,C,train
2FBK,A,B,train
2FCH,A,E,train
2FCO,A,B,train
2FD6,HL,U,train
2FDO,A,B,train
2FE8,A,B,train
2FEL,G,F,train
2FEN,I,L,train
2FEW,A,B,train
2FF6,A,H,train
2FFF,A,B,train
2FG6,C,E,train
2FG8,C,D,train
2FGE,A,D,train
2FGY,A,B,train
2FHJ,A,B,train
2FHO,A,B,train
2FHX,A,B,train
2FJC,E,H,train
2FJH,BA,W,train
2FKB,A,C,train
2FKC,A,B,train
2FKW,O,P,train
2FLF,E,F,train
2FLH,C,D,train
2FMI,A,B,train
2FMY,C,D,train
2FN0,A,B,train
2FNE,C,B,train
2FNP,A,B,train
2FPW,A,B,train
2FQM,E,F,train
2FQZ,C,D,train
2FS5,A,B,train
2FSW,A,B,train
2FSY,E,D,train
2FTX,A,B,train
2FU5,C,B,train
2FUR,A,B,train
2FUV,A,B,train
2FV2,C,D,train
2FVM,A,B,train
2FW7,A,B,train
2FXA,A,B,train
2FYI,A,B,train
2FYN,A,D,train
2FYW,A,B,train
2FZV,B,D,train
2G38,C,D,train
2G3K,E,D,train
2G3O,C,E,train
2G42,A,B,train
2G45,E,D,train
2G47,A,C,train
2G5C,B,D,train
2G6Y,C,D,train
2G76,A,B,train
2G77,A,B,train
2G84,A,B,train
2G9I,A,B,train
2G9W,A,B,train
2GA0,C,D,train
2GA0,C,G,train
2GAF,D,A,train
2GAN,A,B,train
2GDG,C,B,train
2GED,A,B,train
2GH8,A,C,train
2GIA,B,G,train
2GJ3,A,B,train
2GKS,A,B,train
2GL0,C,B,train
2GL7,A,B,train
2GLJ,E,I,train
2GLJ,G,J,train
2GLZ,A,B,train
2GM3,C,D,train
2GM3,C,E,train
2GMY,C,B,train
2GN8,A,B,train
2GNG,A,I,train
2GO7,A,B,train
2GOX,A,B,train
2GPV,A,E,train
2GR7,D,F,train
2GR8,C,D,train
2GS9,A,B,train
2GSK,A,B,train
2GSV,A,B,train
2GSZ,A,F,train
2GTP,A,D,train
2GTY,A,B,train
2GUH,A,B,train
2GUM,A,C,train
2GUZ,I,J,train
2GV5,A,C,train
2GVQ,C,B,train
2GVY,A,B,train
2GWW,A,B,train
2GXF,A,B,train
2GYQ,A,B,train
2GZ4,A,C,train
2GZA,A,B,train
2H0D,A,B,train
2H0Q,A,B,train
2H19,A,B,train
2H27,A,D,train
2H3H,A,B,train
2H4M,A,C,train
2H4O,C,B,train
2H5L,E,F,train
2H5N,A,B,train
2H62,A,D,train
2H6B,A,B,train
2H6C,A,B,train
2H6L,A,C,train
2H7V,A,C,train
2H8P,C,D,train
2H9B,A,B,train
2H9E,H,C,train
2H9G,BA,R,train
2H9G,H,S,train
2HA9,A,B,train
2HAY,C,D,train
2HBV,A,B,train
2HCI,A,B,train
2HCR,A,B,train
2HD0,I,J,train
2HD5,A,B,train
2HDN,K,L,train
2HDW,A,B,train
2HE2,A,B,train
2HE9,A,B,train
2HEG,A,B,train
2HET,A,D,train
2HEV,F,R,train
2HF0,A,B,train
2HFJ,A,B,train
2HG4,E,F,train
2HIN,A,B,train
2HJ0,A,B,train
2HJ9,A,C,train
2HLZ,B,D,train
2HMI,CD,AB,train
2HNE,C,D,train
2HOX,A,B,train
2HP0,A,B,train
2HQS,A,H,train
2HQW,A,B,train
2HRK,A,B,train
2HRT,E,D,train
2HRV,A,B,train
2HSN,A,B,train
2HSQ,A,B,train
2HTH,A,B,train
2HTY,B,D,train
2HU2,A,B,train
2HVG,A,B,train
2HVW,C,B,train
2HWW,A,B,train
2HXG,A,C,train
2HXI,A,B,train
2HXO,A,B,train
2HXX,A,B,train
2HYD,A,B,train
2HYX,C,D,train
2HZB,A,B,train
2HZG,A,B,train
2HZK,C,D,train
2I10,A,B,train
2I14,C,D,train
2I15,A,C,train
2I1A,C,D,train
2I25,N,L,train
2I26,N,L,train
2I2O,A,B,train
2I2R,D,H,train
2I2X,M,O,train
2I33,A,B,train
2I3O,C,D,train
2I3S,A,B,train
2I3S,C,D,train
2I3T,A,B,train
2I5B,A,B,train
2I6T,A,B,train
2I7N,A,B,train
2I8D,A,B,train
2I9B,E,A,train
2I9F,C,D,train
2I9L,HG,L,train
2I9U,A,B,train
2IA2,A,D,train
2IAB,A,B,train
2IAZ,B,D,train
2IBD,A,B,train
2IBG,B,E,train
2IDB,A,B,train
2IDE,C,D,train
2IDR,A,B,train
2IEP,A,B,train
2IEY,A,B,train
2IGA,A,C,train
2IH3,AB,C,train
2IHW,A,F,train
2IIJ,A,B,train
2IIR,I,J,train
2IJC,C,B,train
2IJZ,G,J,train
2IKB,A,C,train
2IMB,A,B,train
2IMH,A,B,train
2INP,A,C,train
2INU,C,B,train
2IO5,A,B,train
2IOB,A,B,train
2IOU,D,F,train
2IP2,A,B,train
2IPH,A,B,train
2IPP,A,B,train
2ISJ,C,D,train
2ISQ,A,B,train
2IU9,A,B,train
2IUO,I,J,train
2IV8,A,P,train
2IV9,A,P,train
2IVF,A,B,train
2IW5,A,B,train
2IX2,A,B,train
2IYB,A,E,train
2IZ5,C,B,train
2IZO,A,C,train
2IZZ,A,B,train
2J0F,A,C,train
2J0Q,B,I,train
2J0T,A,D,train
2J0X,A,B,train
2J28,Q,R,train
2J41,C,D,train
2J4E,G,F,train
2J4L,E,F,train
2J59,A,M,train
2J5T,G,H,train
2J6E,HL,A,train
2J6R,A,B,train
2J6X,G,H,train
2J6Y,A,B,train
2J7P,A,D,train
2J88,HL,A,train
2J90,A,B,train
2J98,A,B,train
2J9F,A,C,train
2JAM,A,B,train
2JAQ,A,B,train
2JBY,A,B,train
2JC2,A,C,train
2JCD,A,B,train
2JDI,G,H,train
2JDL,B,D,train
2JEL,HL,P,train
2JGN,A,C,train
2JGZ,A,B,train
2JI6,A,B,train
2JI9,A,B,train
2JIX,HL,E,train
2JJ7,A,B,train
2JK3,A,B,train
2JKI,A,S,train
2JKT,I,L,train
2JL4,A,B,train
2JLM,E,D,train
2JNR,A,B,train
2JRI,A,C,train
2JV7,A,B,train
2JW1,A,B,train
2JXC,A,B,train
2JZ0,A,B,train
2JZI,A,B,train
2K42,A,B,train
2K6Q,A,B,train
2K7I,A,B,train
2K7L,A,B,train
2KA4,A,B,train
2KA6,A,B,train
2KDU,A,B,train
2KEL,A,B,train
2KFH,A,B,train
2KHM,A,B,train
2KLH,A,B,train
2KNB,A,B,train
2KQF,A,B,train
2KSP,A,B,train
2KT5,A,B,train
2KTF,A,B,train
2KWF,A,B,train
2KWI,A,B,train
2KWJ,B,A,train
2KWK,B,A,train
2KWO,B,A,train
2KWU,A,B,train
2KWV,A,B,train
2KXH,A,B,train
2KXW,A,B,train
2L0I,A,B,train
2L0T,A,B,train
2L14,A,B,train
2L1C,A,B,train
2L1L,A,B,train
2L1W,A,B,train
2L2L,A,B,train
2L8T,A,B,train
2L9S,A,B,train
2LAG,A,B,train
2LD7,A,B,train
2LEH,A,B,train
2LFH,A,B,train
2LFS,A,B,train
2LFW,A,B,train
2LKM,A,B,train
2LOX,A,B,train
2LP0,A,B,train
2LP4,A,Y,train
2LPB,A,B,train
2LQC,A,B,train
2LQH,A,B,train
2LUH,A,B,train
2LVO,A,C,train
2LWW,A,B,train
2LXM,A,B,train
2LY4,A,B,train
2LZ6,A,B,train
2M04,A,B,train
2M0G,A,B,train
2M0J,A,B,train
2M55,A,B,train
2M5A,A,B,train
2M5B,A,B,train
2M86,A,B,train
2MBB,A,B,train
2MEJ,A,B,train
2MEV,1,2,train
2MFQ,A,B,train
2MJ5,A,B,train
2MLX,B,A,train
2MLZ,B,A,train
2MP0,A,B,train
2MPR,A,B,train
2MRE,A,B,train
2MRO,A,B,train
2MUR,A,B,train
2MV7,A,B,train
2MWS,A,B,train
2MZD,A,B,train
2N01,A,B,train
2N1D,A,B,train
2N2H,A,B,train
2N73,A,B,train
2NNN,A,B,train
2NNW,A,B,train
2NO4,A,B,train
2NOX,C,D,train
2NP5,B,D,train
2NP9,C,B,train
2NPI,B,D,train
2NQL,A,B,train
2NR5,C,B,train
2NR6,FE,B,train
2NUD,B,D,train
2NUU,E,F,train
2NUX,A,B,train
2NV1,C,D,train
2NV2,U,V,train
2NV4,A,B,train
2NVM,A,B,train
2NX4,A,D,train
2NXN,A,B,train
2NY1,DC,A,train
2NYI,A,B,train
2NYX,C,D,train
2NYY,DC,A,train
2NYZ,AB,D,train
2NZ1,A,B,train
2NZ7,A,B,train
2NZ8,A,B,train
2NZ9,DC,A,train
2O0Y,C,D,train
2O1S,C,D,train
2O1T,A,J,train
2O20,A,B,train
2O38,A,B,train
2O3A,A,B,train
2O3B,A,B,train
2O42,A,B,train
2O4M,A,B,train
2O5I,M,N,train
2O74,E,F,train
2O8G,J,B,train
2O8V,A,B,train
2O9A,C,B,train
2OB9,A,B,train
2OBH,B,D,train
2OBN,C,D,train
2OCF,A,D,train
2OCT,A,B,train
2OCV,A,B,train
2OD6,A,B,train
2ODM,A,B,train
2OEL,A,B,train
2OFV,A,B,train
2OFX,A,B,train
2OFY,A,B,train
2OGF,B,D,train
2OGX,A,B,train
2OH1,C,D,train
2OIE,C,D,train
2OIZ,B,D,train
2OK2,A,B,train
2OKF,A,B,train
2OKI,A,B,train
2OKJ,A,B,train
2OKU,A,B,train
2OL5,A,B,train
2OM2,C,D,train
2OMT,A,B,train
2OMU,A,B,train
2OMV,A,B,train
2OMW,A,B,train
2OMX,A,B,train
2OMY,A,B,train
2OMZ,A,B,train
2OND,A,B,train
2ONL,A,C,train
2ONL,B,D,train
2OOB,A,B,train
2OOJ,A,B,train
2OOR,AB,C,train
2OPD,A,B,train
2OQ2,A,B,train
2OQM,A,B,train
2OR0,A,B,train
2OS7,A,B,train
2OS9,C,B,train
2OST,B,D,train
2OSZ,A,B,train
2OSZ,A,C,train
2OT3,B,A,train
2OT8,A,C,train
2OTK,C,E,train
2OTP,A,B,train
2OTX,A,B,train
2OU5,A,B,train
2OUK,A,B,train
2OUW,A,B,train
2OV2,F,N,train
2OV9,C,D,train
2OX7,A,D,train
2OYY,A,B,train
2OZ4,HL,A,train
2OZA,A,B,train
2OZA,B,A,train
2OZN,A,B,train
2P06,A,B,train
2P0J,A,B,train
2P0S,A,B,train
2P10,B,D,train
2P1J,A,B,train
2P1L,A,B,train
2P1N,B,E,train
2P1Q,A,B,train
2P22,A,C,train
2P2C,K,L,train
2P3Y,A,B,train
2P4W,A,B,train
2P5Q,A,C,train
2P5R,A,B,train
2P62,A,B,train
2P64,A,B,train
2P6I,A,B,train
2P8I,A,B,train
2P8P,C,B,train
2P8Q,A,B,train
2P9E,A,D,train
2P9J,C,B,train
2P9L,D,F,train
2P9P,G,F,train
2PB2,A,B,train
2PBI,A,B,train
2PC6,A,C,train
2PCB,A,B,train
2PCC,A,B,train
2PD1,B,D,train
2PDO,C,D,train
2PDR,C,B,train
2PEB,A,B,train
2PEN,C,D,train
2PF4,E,F,train
2PG1,G,F,train
2PG4,A,B,train
2PGC,B,D,train
2PGN,A,B,train
2PHD,A,C,train
2PHG,A,B,train
2PHN,A,B,train
2PIF,A,B,train
2PIH,A,B,train
2PJS,A,B,train
2PJU,C,D,train
2PJW,H,V,train
2PLA,A,B,train
2PLG,A,B,train
2PLR,A,B,train
2PM7,A,C,train
2PMS,A,C,train
2POB,A,B,train
2POK,A,B,train
2PP0,C,B,train
2PP1,A,B,train
2PPY,B,F,train
2PQA,A,B,train
2PQN,A,B,train
2PQQ,A,D,train
2PQR,B,D,train
2PQU,C,D,train
2PR6,A,B,train
2PRO,A,B,train
2PRU,A,B,train
2PSM,A,F,train
2PTF,A,B,train
2PTQ,A,B,train
2PTT,A,B,train
2PUK,E,G,train
2PUL,A,B,train
2PV2,C,F,train
2PV7,A,B,train
2PVP,A,B,train
2PVZ,A,B,train
2PZB,A,B,train
2PZH,A,D,train
2PZK,A,B,train
2Q03,A,B,train
2Q05,A,B,train
2Q08,E,F,train
2Q0J,A,B,train
2Q0O,A,B,train
2Q0O,A,C,train
2Q0T,A,B,train
2Q0X,A,B,train
2Q1E,A,B,train
2Q3F,A,B,train
2Q5D,A,C,train
2Q5E,C,E,train
2Q62,C,B,train
2Q6F,A,B,train
2Q6T,A,D,train
2Q6T,C,B,train
2Q73,A,B,train
2Q7F,A,B,train
2Q87,C,B,train
2Q8B,A,H,train
2Q8B,HL,A,train
2Q97,A,T,train
2Q9U,A,B,train
2QA7,C,D,train
2QAD,A,E,train
2QAZ,C,D,train
2QD0,A,B,train
2QDH,A,D,train
2QE9,A,B,train
2QFA,A,B,train
2QFC,A,B,train
2QFX,A,B,train
2QGI,A,B,train
2QGQ,G,F,train
2QGX,C,D,train
2QH1,A,B,train
2QH9,A,B,train
2QHO,A,B,train
2QIE,A,E,train
2QIW,A,B,train
2QIY,B,D,train
2QJA,B,D,train
2QJF,A,B,train
2QJG,I,H,train
2QJV,A,B,train
2QJW,A,B,train
2QKI,A,C,train
2QKM,E,F,train
2QKO,A,B,train
2QKP,A,B,train
2QL2,A,B,train
2QL3,I,J,train
2QLZ,A,B,train
2QM7,A,B,train
2QMA,A,B,train
2QMI,A,E,train
2QNA,A,B,train
2QNE,A,B,train
2QNF,A,B,train
2QNU,A,B,train
2QQ1,A,C,train
2QQD,G,H,train
2QQK,HL,A,train
2QQN,HL,A,train
2QQP,C,G,train
2QQP,E,G,train
2QQZ,A,B,train
2QR0,XW,V,train
2QR4,A,B,train
2QRD,B,G,train
2QRE,A,B,train
2QS8,A,B,train
2QSQ,A,B,train
2QST,A,B,train
2QT3,A,B,train
2QTQ,A,B,train
2QTS,E,D,train
2QUR,A,B,train
2QUY,E,G,train
2QV0,A,B,train
2QV6,A,C,train
2QXV,A,B,train
2QYG,C,D,train
2QYO,A,B,train
2QYP,A,B,train
2R00,A,B,train
2R05,A,B,train
2R0I,A,B,train
2R0K,HL,A,train
2R0L,HL,A,train
2R0Q,C,D,train
2R19,A,B,train
2R1F,A,B,train
2R25,A,B,train
2R29,HL,A,train
2R47,A,B,train
2R4I,A,B,train
2R56,HL,A,train
2R5J,F,J,train
2R5U,E,D,train
2R6A,A,B,train
2R6A,A,C,train
2R6F,A,B,train
2R6O,A,B,train
2R6U,B,D,train
2R78,C,D,train
2R7G,A,E,train
2R87,A,C,train
2R8E,A,C,train
2R8Q,A,B,train
2R97,A,C,train
2R9E,A,B,train
2RA6,C,D,train
2RAF,A,B,train
2RAS,A,B,train
2RAX,E,F,train
2RB9,C,D,train
2RBB,A,B,train
2RBD,A,B,train
2RCC,A,B,train
2RD7,A,C,train
2RD9,A,B,train
2RDC,A,B,train
2RDE,A,B,train
2RDM,C,B,train
2RF9,A,C,train
2RFD,B,D,train
2RG7,B,D,train
2RGN,A,B,train
2RH0,A,B,train
2RHK,A,C,train
2RHS,A,D,train
2RHS,C,D,train
2RJZ,A,B,train
2RK0,A,B,train
2RK9,A,B,train
2RKK,A,B,train
2RP4,C,D,train
2RSL,A,B,train
2RU4,A,B,train
2RUS,A,B,train
2RVB,A,B,train
2SPC,A,B,train
2UTG,A,B,train
2UUU,C,D,train
2UV1,A,B,train
2UVP,A,B,train
2UX8,A,C,train
2UX9,C,F,train
2UXH,A,B,train
2UYZ,A,B,train
2UZ3,A,C,train
2UZC,A,B,train
2UZI,HL,R,train
2V0O,A,B,train
2V0X,A,B,train
2V3W,A,B,train
2V4I,G,H,train
2V4Z,A,B,train
2V54,A,B,train
2V57,A,B,train
2V5H,D,I,train
2V5Q,A,D,train
2V6B,C,D,train
2V6X,A,B,train
2V7Q,D,J,train
2V7X,A,C,train
2V8S,E,V,train
2V8U,A,B,train
2V8W,E,F,train
2V92,B,E,train
2V9P,G,L,train
2V9T,A,B,train
2VAX,G,L,train
2VAY,A,B,train
2VBF,A,B,train
2VCG,A,D,train
2VDB,A,B,train
2VDW,E,F,train
2VE7,A,C,train
2VE7,B,D,train
2VEE,A,C,train
2VEF,A,B,train
2VF1,A,B,train
2VFX,C,J,train
2VGL,B,M,train
2VGL,S,B,train
2VH5,HL,R,train
2VHI,C,D,train
2VHW,A,C,train
2VIR,AB,C,train
2VIS,AB,C,train
2VKO,A,C,train
2VLG,A,D,train
2VLN,A,B,train
2VLO,A,B,train
2VLP,A,B,train
2VLQ,A,B,train
2VMB,A,B,train
2VMK,A,B,train
2VN8,A,B,train
2VOF,C,D,train
2VOG,A,B,train
2VOH,A,B,train
2VOI,A,B,train
2VPV,A,B,train
2VQA,A,B,train
2VRC,A,B,train
2VRN,A,B,train
2VRQ,A,C,train
2VSG,A,B,train
2VSM,A,B,train
2VT3,A,B,train
2VUB,A,B,train
2VUC,A,B,train
2VUN,C,D,train
2VUO,A,B,train
2VVX,A,B,train
2VWE,LJ,B,train
2VX8,A,B,train
2VXB,A,B,train
2VXO,A,B,train
2VXQ,A,H,train
2VXQ,HL,A,train
2VXT,HL,I,train
2VZD,A,C,train
2W01,A,B,train
2W27,A,B,train
2W2B,A,B,train
2W2U,B,D,train
2W2W,A,F,train
2W2X,A,D,train
2W3P,A,B,train
2W4L,E,D,train
2W4L,E,F,train
2W4S,C,D,train
2W54,E,F,train
2W5X,A,B,train
2W69,A,D,train
2W6H,G,I,train
2W6H,I,H,train
2W7R,A,B,train
2W84,A,B,train
2W85,A,B,train
2W8B,A,H,train
2W8M,A,B,train
2W8S,A,B,train
2W9E,HL,A,train
2W9S,A,D,train
2WB1,O,S,train
2WBT,A,B,train
2WCD,O,N,train
2WD5,A,B,train
2WEL,A,D,train
2WFF,1,2,train
2WFF,1,3,train
2WFF,3,2,train
2WFL,A,B,train
2WG5,A,B,train
2WGL,A,C,train
2WH6,A,B,train
2WIU,B,D,train
2WIV,A,B,train
2WJ0,A,B,train
2WJ8,E,D,train
2WJV,A,D,train
2WKN,F,H,train
2WKW,A,B,train
2WL8,A,C,train
2WL8,C,B,train
2WLB,A,B,train
2WMM,A,B,train
2WP3,T,O,train
2WP9,A,B,train
2WPT,A,B,train
2WPV,C,B,train
2WPX,A,B,train
2WSF,A,B,train
2WSU,B,D,train
2WTE,A,B,train
2WTH,A,B,train
2WUK,A,B,train
2WUS,A,R,train
2WVE,A,B,train
2WVH,B,E,train
2WVM,A,B,train
2WWB,A,B,train
2WWK,T,O,train
2WWW,C,D,train
2WX3,A,B,train
2WX4,E,D,train
2WY3,B,A,train
2WY8,A,Q,train
2WYE,A,B,train
2WYI,A,B,train
2WYM,C,D,train
2WYR,G,L,train
2WZJ,C,B,train
2WZP,B,D,train
2X04,B,D,train
2X0D,A,B,train
2X0G,A,B,train
2X0X,A,D,train
2X17,3,L,train
2X1X,E,R,train
2X2D,D,C,train
2X2E,A,D,train
2X3B,A,B,train
2X3F,A,B,train
2X3H,A,B,train
2X3L,A,B,train
2X3Y,E,G,train
2X4I,A,B,train
2X57,A,C,train
2X5D,B,D,train
2X5D,C,B,train
2X5H,A,D,train
2X65,A,B,train
2X6T,A,B,train
2X7J,A,D,train
2X7X,A,B,train
2X9A,D,C,train
2X9Q,A,B,train
2XA0,A,C,train
2XA7,B,M,train
2XAW,B,E,train
2XC1,C,B,train
2XCM,B,F,train
2XCT,B,D,train
2XCT,S,U,train
2XED,A,D,train
2XF7,B,F,train
2XFU,A,B,train
2XFV,A,B,train
2XGF,A,C,train
2XGY,A,B,train
2XHE,A,B,train
2XIU,A,B,train
2XJZ,B,J,train
2XKP,C,F,train
2XMA,E,F,train
2XN1,C,B,train
2XNS,B,D,train
2XPI,A,D,train
2XPP,A,B,train
2XPX,A,B,train
2XQB,HL,A,train
2XQN,A,T,train
2XQR,A,B,train
2XQY,GL,A,train
2XRA,HL,A,train
2XRN,A,B,train
2XRO,A,F,train
2XRX,W,X,train
2XSC,E,D,train
2XSN,C,B,train
2XSO,H,S,train
2XT2,A,B,train
2XTA,A,B,train
2XTJ,DB,A,train
2XTS,A,C,train
2XTT,A,B,train
2XUM,A,S,train
2XV6,A,B,train
2XVC,A,B,train
2XVT,D,F,train
2XWG,A,B,train
2XWJ,G,H,train
2XWQ,C,D,train
2XWT,AB,C,train
2XWT,A,C,train
2XWT,C,B,train
2XWX,A,B,train
2XYK,A,B,train
2XYR,A,B,train
2XZ9,A,B,train
2XZE,B,R,train
2XZE,R,B,train
2Y0B,D,H,train
2Y0F,A,B,train
2Y0I,A,S,train
2Y0M,A,B,train
2Y1H,A,B,train
2Y1L,C,E,train
2Y21,C,D,train
2Y32,A,D,train
2Y3D,A,B,train
2Y3M,A,B,train
2Y5B,A,B,train
2Y79,A,B,train
2Y7F,C,B,train
2Y7R,C,G,train
2Y8N,A,C,train
2Y8Q,A,B,train
2Y8S,A,B,train
2Y8T,A,B,train
2Y8T,E,D,train
2Y96,A,B,train
2Y9M,A,B,train
2YAL,A,B,train
2YB8,A,B,train
2YBF,A,B,train
2YC1,AB,C,train
2YF3,C,D,train
2YGD,C,D,train
2YGG,A,B,train
2YII,C,B,train
2YII,C,D,train
2YIL,C,D,train
2YIN,A,C,train
2YJE,C,M,train
2YJN,A,B,train
2YKR,C,J,train
2YKR,E,H,train
2YKR,F,R,train
2YKR,K,U,train
2YLE,A,B,train
2YM9,C,D,train
2YPV,HL,A,train
2YQ7,A,B,train
2YVE,A,B,train
2YVL,C,D,train
2YVX,A,B,train
2YWB,C,D,train
2YWM,A,B,train
2YXO,A,B,train
2YY7,A,B,train
2YYV,A,B,train
2YZE,C,B,train
2YZG,A,B,train
2YZR,C,B,train
2YZS,A,B,train
2Z0L,G,H,train
2Z0T,C,B,train
2Z2L,A,B,train
2Z2R,A,B,train
2Z2S,A,B,train
2Z2S,E,G,train
2Z3F,E,G,train
2Z3G,A,B,train
2Z3J,A,D,train
2Z3N,B,D,train
2Z3Q,A,B,train
2Z3R,A,B,train
2Z3R,G,K,train
2Z4E,B,I,train
2Z4R,C,B,train
2Z50,A,B,train
2Z58,A,B,train
2Z5C,E,D,train
2Z67,A,D,train
2Z69,A,B,train
2Z6E,C,D,train
2Z6J,A,B,train
2Z71,A,C,train
2Z7E,A,C,train
2Z8I,C,D,train
2Z8U,A,B,train
2Z8V,A,D,train
2Z8V,C,B,train
2Z8W,A,D,train
2Z9O,A,B,train
2Z9V,A,B,train
2ZAE,C,D,train
2ZB9,A,B,train
2ZBC,G,F,train
2ZBK,A,C,train
2ZC6,C,D,train
2ZCH,HL,P,train
2ZCI,B,D,train
2ZCL,P,H,train
2ZCN,A,B,train
2ZEJ,A,B,train
2ZET,A,C,train
2ZF3,A,B,train
2ZFD,A,B,train
2ZFW,E,D,train
2ZGI,A,D,train
2ZIH,A,B,train
2ZIU,A,B,train
2ZJD,C,D,train
2ZJS,HL,Y,train
2ZJS,Y,E,train
2ZME,A,B,train
2ZMF,A,B,train
2ZMV,A,B,train
2ZNJ,A,B,train
2ZNL,A,B,train
2ZNZ,A,B,train
2ZOF,A,B,train
2ZOQ,A,B,train
2ZQK,M,N,train
2ZRT,C,D,train
2ZSI,A,B,train
2ZSJ,A,B,train
2ZUC,A,B,train
2ZUQ,CB,A,train
2ZV3,A,B,train
2ZVY,A,B,train
2ZVZ,A,B,train
2ZW3,E,D,train
2ZXX,E,F,train
2ZY3,C,D,train
2ZY5,A,D,train
2ZYA,A,B,train
2ZYZ,A,B,train
2ZZX,A,D,train
3A17,E,F,train
3A1M,E,D,train
3A1Q,D,F,train
3A1Y,C,G,train
3A2N,E,F,train
3A2W,I,J,train
3A3D,A,B,train
3A3O,A,B,train
3A4I,A,B,train
3A4K,C,D,train
3A5I,A,B,train
3A6M,A,B,train
3A7O,C,D,train
3A8I,A,C,train
3A98,C,D,train
3A9K,A,C,train
3AAA,AB,C,train
3AAD,A,B,train
3AB0,BC,A,train
3AB1,A,B,train
3AB2,I,J,train
3AB2,I,K,train
3ABD,B,Y,train
3ABK,A,C,train
3ABK,P,W,train
3ABL,A,D,train
3ABM,A,B,train
3ABS,C,D,train
3AE8,C,B,train
3AEK,C,B,train
3AEO,C,D,train
3AEU,B,D,train
3AFK,A,B,train
3AFO,A,B,train
3AFQ,A,D,train
3AG3,C,G,train
3AGF,A,B,train
3AGY,A,B,train
3AI7,G,H,train
3AJ1,C,D,train
3AJB,A,B,train
3AJF,A,D,train
3AKO,E,F,train
3AL3,A,B,train
3ALP,A,B,train
3AMJ,A,B,train
3AMJ,C,D,train
3ANS,A,B,train
3ANY,A,C,train
3AO0,C,B,train
3AON,A,B,train
3AP2,A,B,train
3APY,A,B,train
3AQJ,P,R,train
3AQQ,C,B,train
3ASN,G,N,train
3ASO,B,I,train
3AU4,A,B,train
3AUY,A,B,train
3AXG,F,H,train
3AXJ,A,B,train
3AYH,A,B,train
3AYZ,B,D,train
3B0F,A,B,train
3B1B,A,B,train
3B2U,QR,P,train
3B2U,W,V,train
3B3D,A,C,train
3B42,A,B,train
3B48,A,B,train
3B4S,A,B,train
3B4S,C,E,train
3B4Y,A,B,train
3B5K,A,B,train
3B5U,E,F,train
3B5U,K,M,train
3B5U,M,N,train
3B63,E,F,train
3B63,I,J,train
3B63,K,L,train
3B63,M,L,train
3B6A,A,B,train
3B83,B,G,train
3B8I,E,F,train
3B9K,D,F,train
3B9K,HL,B,train
3B9O,A,B,train
3BA3,A,B,train
3BAL,C,B,train
3BAR,A,B,train
3BB8,A,B,train
3BB9,C,D,train
3BDB,A,B,train
3BDH,A,B,train
3BDY,HL,V,train
3BE6,A,B,train
3BEG,A,B,train
3BEY,D,F,train
3BEY,E,D,train
3BFJ,B,O,train
3BG0,E,F,train
3BG2,A,B,train
3BGE,A,B,train
3BGF,BC,A,train
3BGF,H,S,train
3BH3,A,B,train
3BH6,A,B,train
3BHQ,A,B,train
3BIC,A,B,train
3BJ6,A,B,train
3BJB,A,B,train
3BJD,A,B,train
3BJS,A,B,train
3BK3,A,C,train
3BKN,D,F,train
3BKY,H,L,train
3BL4,A,B,train
3BL5,C,B,train
3BLH,A,B,train
3BM2,A,B,train
3BM3,A,B,train
3BM5,A,B,train
3BN9,FE,A,train
3BNM,A,B,train
3BNV,E,F,train
3BNW,A,B,train
3BP8,AB,C,train
3BP8,B,D,train
3BPJ,B,D,train
3BPQ,A,B,train
3BPZ,B,D,train
3BQA,A,B,train
3BRJ,C,D,train
3BRQ,A,B,train
3BRT,A,B,train
3BRT,B,D,train
3BRV,A,B,train
3BRW,B,D,train
3BS5,A,B,train
3BSZ,NM,E,train
3BT3,A,B,train
3BTI,A,B,train
3BTP,A,B,train
3BU2,C,D,train
3BU3,A,B,train
3BU5,A,B,train
3BUA,A,B,train
3BUA,D,H,train
3BV6,E,D,train
3BWG,A,B,train
3BWL,C,D,train
3BWO,C,D,train
3BWV,A,B,train
3BXJ,A,B,train
3BYW,E,F,train
3BZD,A,B,train
3BZO,A,B,train
3C0K,A,B,train
3C18,A,B,train
3C1D,A,B,train
3C1L,E,F,train
3C1M,A,B,train
3C24,A,B,train
3C25,A,B,train
3C3J,E,F,train
3C3R,A,B,train
3C3W,A,B,train
3C48,A,B,train
3C4M,A,C,train
3C59,A,B,train
3C5O,B,D,train
3C5T,A,B,train
3C5W,P,C,train
3C5Y,I,J,train
3C66,A,C,train
3C66,B,D,train
3C6M,C,D,train
3C85,A,C,train
3C8J,A,B,train
3C9A,B,D,train
3C9G,A,B,train
3CAE,G,H,train
3CAZ,A,B,train
3CBM,A,B,train
3CBX,A,B,train
3CBY,A,B,train
3CC0,C,B,train
3CDK,A,C,train
3CDZ,A,B,train
3CEA,B,D,train
3CES,C,D,train
3CF0,K,L,train
3CF2,A,B,train
3CF3,C,B,train
3CF4,A,G,train
3CFI,A,B,train
3CG0,A,B,train
3CH5,A,B,train
3CHI,A,B,train
3CHX,G,F,train
3CI0,K,J,train
3CI6,A,B,train
3CIT,A,B,train
3CJD,A,B,train
3CJH,E,F,train
3CJH,I,L,train
3CJI,A,C,train
3CJL,A,B,train
3CJS,A,B,train
3CJT,C,D,train
3CKD,A,C,train
3CKI,A,B,train
3CKY,A,D,train
3CMB,A,D,train
3CMM,A,B,train
3CNH,A,B,train
3CNY,A,B,train
3COQ,A,B,train
3CPH,G,A,train
3CQ4,A,B,train
3CQ6,A,C,train
3CQC,A,B,train
3CQG,A,B,train
3CQZ,C,L,train
3CR3,C,D,train
3CRC,A,B,train
3CSW,C,D,train
3CSY,M,N,train
3CT6,A,B,train
3CTM,C,D,train
3CUE,M,O,train
3CVJ,A,B,train
3CVJ,A,C,train
3CW2,A,K,train
3CW2,B,L,train
3CW2,E,M,train
3CW9,A,B,train
3CWC,A,B,train
3CX5,JK,E,train
3CX6,A,B,train
3CX7,A,B,train
3CX8,A,B,train
3CYJ,A,B,train
3CYQ,F,I,train
3D03,C,D,train
3D0F,A,B,train
3D0Q,A,B,train
3D0T,C,D,train
3D0W,A,C,train
3D12,A,B,train
3D1L,A,B,train
3D32,B,D,train
3D36,A,B,train
3D36,A,C,train
3D3K,A,B,train
3D3N,A,B,train
3D46,C,D,train
3D4I,B,D,train
3D4R,B,E,train
3D54,A,D,train
3D5N,I,H,train
3D5R,A,C,train
3D5S,A,C,train
3D6K,A,B,train
3D6R,A,B,train
3D72,A,B,train
3D7J,E,D,train
3D7T,A,B,train
3D7U,A,B,train
3D85,BA,C,train
3D87,A,B,train
3D87,A,C,train
3D8A,G,F,train
3D8U,A,B,train
3D9A,HL,C,train
3D9R,C,B,train
3D9X,C,B,train
3DAE,A,B,train
3DAH,A,B,train
3DAH,C,B,train
3DAK,A,D,train
3DAL,A,B,train
3DB0,A,B,train
3DBI,A,C,train
3DBO,A,B,train
3DC1,A,B,train
3DCG,E,D,train
3DD9,G,H,train
3DDC,A,B,train
3DDH,A,B,train
3DDM,C,B,train
3DDT,A,B,train
3DDV,A,B,train
3DEP,A,B,train
3DFE,A,B,train
3DFZ,A,B,train
3DGC,L,R,train
3DGE,B,D,train
3DH7,C,D,train
3DHW,C,D,train
3DI2,A,B,train
3DI3,A,B,train
3DI4,A,B,train
3DIE,A,B,train
3DKB,D,F,train
3DKW,C,I,train
3DL2,A,B,train
3DL5,A,B,train
3DLA,B,D,train
3DLU,A,B,train
3DMC,A,B,train
3DN7,A,B,train
3DNH,A,B,train
3DNM,A,B,train
3DNN,C,B,train
3DO4,D,F,train
3DO8,A,B,train
3DOE,A,B,train
3DOF,A,B,train
3DP3,B,F,train
3DP7,A,B,train
3DPI,A,B,train
3DPO,C,B,train
3DPY,A,B,train
3DQG,A,B,train
3DR4,A,B,train
3DRW,A,B,train
3DRX,C,B,train
3DS2,A,B,train
3DS3,A,C,train
3DSB,A,B,train
3DTJ,A,B,train
3DTN,A,B,train
3DTO,C,D,train
3DTP,A,E,train
3DTP,B,D,train
3DTP,B,F,train
3DTP,E,F,train
3DTT,A,B,train
3DUG,C,H,train
3DUK,C,B,train
3DVE,A,B,train
3DVM,A,B,train
3DVP,A,B,train
3DVU,A,C,train
3DW9,A,B,train
3DWG,A,C,train
3DXB,E,G,train
3DXC,A,B,train
3DXD,A,B,train
3DXD,A,C,train
3DXE,A,B,train
3DZ2,A,B,train
3DZA,C,D,train
3DZC,A,B,train
3DZM,A,C,train
3E08,C,D,train
3E08,G,F,train
3E0J,C,D,train
3E0J,C,E,train
3E0L,A,B,train
3E17,A,B,train
3E18,A,B,train
3E19,A,D,train
3E1V,A,B,train
3E2D,A,B,train
3E40,A,B,train
3E48,A,B,train
3E4C,A,B,train
3E5B,A,C,train
3E5P,A,C,train
3E5U,A,B,train
3E6M,C,D,train
3E76,M,L,train
3E7L,A,B,train
3E96,A,B,train
3E98,A,B,train
3E9I,C,D,train
3EAB,A,G,train
3EAB,D,J,train
3EAS,A,B,train
3EBA,A,B,train
3EBN,B,D,train
3ECD,A,D,train
3ECH,A,C,train
3ECH,C,B,train
3ECS,B,H,train
3EDJ,A,B,train
3EDM,B,D,train
3EE7,A,B,train
3EE9,A,B,train
3EEY,B,D,train
3EF2,A,B,train
3EFY,A,B,train
3EFZ,A,B,train
3EG5,A,B,train
3EGG,A,C,train
3EGH,A,C,train
3EGR,A,B,train
3EGV,A,B,train
3EH0,C,B,train
3EH2,A,C,train
3EH4,A,B,train
3EHF,A,B,train
3EHK,A,D,train
3EIQ,C,D,train
3EJH,A,E,train
3EJO,A,B,train
3ELV,A,B,train
3EMF,A,B,train
3EMK,A,B,train
3EMO,A,C,train
3EN9,A,B,train
3EO1,AB,CF,train
3EO8,C,D,train
3EOA,LH,I,train
3EPN,A,B,train
3EPW,A,B,train
3EPY,A,B,train
3EQX,A,B,train
3ER6,E,F,train
3ERW,A,B,train
3ES5,A,B,train
3ES8,F,H,train
3ESK,A,B,train
3ETB,F,J,train
3EUA,G,H,train
3EUC,A,B,train
3EUH,A,D,train
3EUH,B,E,train
3EUL,A,D,train
3EUS,A,B,train
3EVY,A,B,train
3EW2,G,F,train
3EW3,A,B,train
3EXG,R,T,train
3EYB,A,D,train
3EZ0,A,B,train
3EZ6,A,B,train
3EZJ,C,D,train
3EZQ,C,D,train
3EZY,A,C,train
3F0N,A,B,train
3F1I,H,S,train
3F1P,A,B,train
3F3S,A,B,train
3F4C,A,B,train
3F4N,E,F,train
3F50,A,B,train
3F51,D,F,train
3F5M,A,B,train
3F5P,C,D,train
3F62,A,B,train
3F65,E,H,train
3F6O,A,B,train
3F6W,C,D,train
3F6Z,A,B,train
3F70,A,B,train
3F7G,C,B,train
3F7P,A,C,train
3F7P,B,D,train
3F8F,A,B,train
3F8H,A,B,train
3F8U,A,B,train
3F8U,C,B,train
3F8X,C,D,train
3F90,A,F,train
3FA4,G,H,train
3FA9,A,B,train
3FAU,C,B,train
3FBI,B,D,train
3FBN,C,D,train
3FBY,A,C,train
3FBZ,A,C,train
3FCS,A,B,train
3FDS,A,C,train
3FEY,A,C,train
3FF8,B,D,train
3FFK,E,D,train
3FG9,E,F,train
3FGT,A,B,train
3FIE,A,C,train
3FII,A,B,train
3FIL,A,B,train
3FIU,C,D,train
3FJG,C,D,train
3FJK,A,B,train
3FKF,A,C,train
3FKH,A,B,train
3FLD,A,B,train
3FLO,E,F,train
3FMA,C,E,train
3FMB,A,B,train
3FMG,HL,A,train
3FMT,A,B,train
3FN1,B,A,train
3FN2,A,B,train
3FOC,A,B,train
3FOK,A,H,train
3FPT,C,B,train
3FQ6,A,B,train
3FRW,A,B,train
3FRY,A,B,train
3FSH,A,B,train
3FSH,B,C,train
3FSH,C,B,train
3FVM,A,B,train
3FVU,A,B,train
3FWC,M,N,train
3FWE,A,B,train
3FWS,A,B,train
3FXA,A,B,train
3FXD,A,B,train
3FXD,B,D,train
3FXT,B,G,train
3FY6,A,C,train
3FYB,A,B,train
3FZ0,B,D,train
3FZ3,A,C,train
3FZ7,A,F,train
3G04,BA,C,train
3G0B,A,B,train
3G0F,A,B,train
3G0I,A,B,train
3G13,A,B,train
3G14,A,B,train
3G16,A,B,train
3G1W,A,B,train
3G1Z,A,B,train
3G2E,A,B,train
3G2O,A,B,train
3G33,C,B,train
3G3A,A,B,train
3G3B,A,B,train
3G3R,A,B,train
3G3Z,A,B,train
3G5N,A,B,train
3G5W,E,D,train
3G67,A,B,train
3G6D,LH,A,train
3G6J,E,F,train
3G7A,A,B,train
3G7G,A,B,train
3G7G,C,G,train
3G7K,A,B,train
3G7Z,A,C,train
3G8E,A,B,train
3G8L,A,C,train
3G8Q,C,B,train
3G8R,A,B,train
3G9A,A,B,train
3G9K,S,L,train
3G9W,A,D,train
3GAA,A,B,train
3GAG,C,D,train
3GAS,C,D,train
3GB8,A,B,train
3GBN,H,L,train
3GC3,A,B,train
3GCF,K,L,train
3GD1,I,E,train
3GDH,A,B,train
3GFA,A,B,train
3GFD,A,B,train
3GFK,A,B,train
3GG8,C,B,train
3GGF,A,B,train
3GGJ,A,B,train
3GI9,HL,C,train
3GIF,A,B,train
3GJ3,A,B,train
3GJ4,A,B,train
3GJ5,A,B,train
3GJ6,A,B,train
3GJ7,A,B,train
3GJ8,A,B,train
3GJB,A,B,train
3GJN,B,D,train
3GJO,C,D,train
3GJZ,A,B,train
3GL1,A,B,train
3GL9,C,B,train
3GLC,A,F,train
3GMA,A,B,train
3GMJ,A,C,train
3GNI,A,B,train
3GOF,B,D,train
3GOR,C,D,train
3GOX,A,B,train
3GPG,C,D,train
3GQB,C,D,train
3GQI,A,B,train
3GRW,HL,A,train
3GRZ,A,B,train
3GS2,A,B,train
3GSD,K,L,train
3GT8,C,B,train
3GTY,X,S,train
3GU3,A,B,train
3GUY,F,H,train
3GVI,A,D,train
3GW6,A,F,train
3GWH,A,B,train
3GWL,A,B,train
3GWN,A,B,train
3GWR,A,B,train
3GXG,C,D,train
3GXW,A,D,train
3GXX,A,D,train
3GXY,A,B,train
3GYD,A,B,train
3GYR,C,G,train
3GYR,K,J,train
3GZ1,A,B,train
3GZ2,A,B,train
3GZT,O,Q,train
3H05,A,B,train
3H0L,M,O,train
3H0Q,A,B,train
3H1Z,A,P,train
3H2U,A,B,train
3H2V,A,E,train
3H3G,A,B,train
3H3M,A,B,train
3H42,H,B,train
3H4E,I,H,train
3H4M,A,C,train
3H4S,A,E,train
3H6G,A,B,train
3H6H,A,B,train
3H6K,C,D,train
3H77,A,B,train
3H7W,A,B,train
3H83,C,D,train
3H87,A,D,train
3H8K,A,B,train
3H8L,A,B,train
3H90,B,D,train
3H9J,C,D,train
3HA4,A,E,train
3HB1,C,B,train
3HCS,A,B,train
3HCT,A,B,train
3HCU,A,B,train
3HD5,A,C,train
3HDH,A,B,train
3HDI,A,B,train
3HDJ,A,B,train
3HDO,A,B,train
3HE3,C,F,train
3HEF,A,B,train
3HG0,C,B,train
3HG9,A,B,train
3HGU,A,B,train
3HH0,B,D,train
3HHH,A,B,train
3HHI,A,B,train
3HHW,M,L,train
3HI0,A,B,train
3HI1,B,J,train
3HI1,G,J,train
3HI2,A,B,train
3HI6,XY,B,train
3HIE,C,D,train
3HIF,A,B,train
3HIM,A,B,train
3HJ5,A,B,train
3HJ9,A,B,train
3HJP,C,D,train
3HJU,A,B,train
3HKB,A,B,train
3HKL,A,B,train
3HL4,A,B,train
3HL6,A,B,train
3HL9,C,B,train
3HLI,A,B,train
3HMX,LH,AB,train
3HO7,A,B,train
3HP3,E,G,train
3HPK,A,B,train
3HPV,C,B,train
3HQA,A,B,train
3HQI,A,B,train
3HR7,A,B,train
3HRD,E,F,train
3HRQ,A,B,train
3HS2,G,H,train
3HS3,A,B,train
3HSE,A,B,train
3HSH,D,F,train
3HT4,C,B,train
3HTA,A,B,train
3HTU,A,B,train
3HTU,C,D,train
3HUG,O,P,train
3HV0,A,B,train
3HWC,A,C,train
3HWP,A,B,train
3HWS,C,D,train
3HWS,E,F,train
3HXJ,A,D,train
3HXS,A,B,train
3HY2,A,Y,train
3HYM,E,F,train
3HZ4,A,B,train
3HZO,A,B,train
3I04,A,B,train
3I08,C,D,train
3I38,A,B,train
3I3W,A,B,train
3I50,HL,E,train
3I54,A,B,train
3I6P,E,D,train
3I71,A,B,train
3I7F,A,B,train
3I7U,C,D,train
3I9S,C,D,train
3I9V,E,G,train
3IA0,I,J,train
3IA3,A,D,train
3IA8,A,B,train
3IAI,A,D,train
3IAS,1,3,train
3IAS,D,F,train
3IAS,S,T,train
3IAU,A,B,train
3IB6,B,D,train
3IBR,A,B,train
3IC3,C,B,train
3IC5,A,B,train
3IDB,A,B,train
3IDC,A,B,train
3IDF,A,B,train
3IDX,HL,G,train
3IEC,B,F,train
3IF4,B,D,train
3IF8,A,B,train
3IFK,A,B,train
3IFQ,A,C,train
3IFS,A,B,train
3IGF,A,B,train
3IGM,A,B,train
3II0,A,D,train
3IIC,A,B,train
3IIF,A,B,train
3IJ6,C,D,train
3IJM,A,B,train
3IK5,C,D,train
3IKK,A,B,train
3IKO,C,B,train
3IL2,A,B,train
3IL4,A,B,train
3IML,A,B,train
3IMO,B,D,train
3IMQ,C,L,train
3IN6,A,B,train
3INU,M,L,train
3IO1,A,B,train
3IOL,A,B,train
3IOY,A,B,train
3IQ2,A,B,train
3IQE,C,F,train
3IQQ,A,B,train
3IR1,A,C,train
3IR5,A,B,train
3IRB,A,B,train
3IS5,E,F,train
3ISA,D,F,train
3ISL,A,B,train
3IT4,B,D,train
3IUI,A,C,train
3IUW,A,B,train
3IVP,A,B,train
3IWC,A,B,train
3IWM,A,C,train
3IWM,B,D,train
3IX1,A,B,train
3IX7,A,B,train
3IX8,C,D,train
3IXE,A,B,train
3IXS,A,B,train
3IXS,C,D,train
3IYL,D,F,train
3IZ0,C,D,train
3IZM,E,F,train
3J03,A,H,train
3JRV,A,C,train
3JSJ,A,B,train
3JSK,G,H,train
3JTI,A,B,train
3JTX,A,B,train
3JU8,A,B,train
3JUA,C,D,train
3JUA,G,H,train
3JVF,A,B,train
3JX9,A,B,train
3JXO,A,B,train
3JZD,A,B,train
3K0F,A,F,train
3K0Z,A,B,train
3K1I,C,B,train
3K2M,A,D,train
3K2U,HL,A,train
3K2W,A,C,train
3K33,A,B,train
3K39,C,B,train
3K3P,A,B,train
3K4G,C,D,train
3K4Y,A,B,train
3K53,A,B,train
3K55,O,P,train
3K5H,A,B,train
3K67,A,B,train
3K6C,A,B,train
3K6C,C,B,train
3K6E,A,B,train
3K6G,A,D,train
3K6Q,C,D,train
3K6T,C,D,train
3K74,A,B,train
3K75,D,B,train
3K7S,A,B,train
3K80,A,C,train
3K8P,C,D,train
3K90,C,B,train
3KAE,B,D,train
3KAJ,A,B,train
3KAS,A,B,train
3KB4,C,D,train
3KBO,A,D,train
3KBT,A,D,train
3KCP,A,B,train
3KCV,I,J,train
3KDO,C,F,train
3KDQ,A,C,train
3KE2,A,B,train
3KF9,C,D,train
3KFU,A,B,train
3KG2,C,D,train
3KG8,A,B,train
3KG9,A,B,train
3KH1,A,B,train
3KH2,A,E,train
3KH8,A,B,train
3KHH,A,B,train
3KIH,A,B,train
3KIK,A,E,train
3KIN,C,D,train
3KJ0,A,B,train
3KJ1,A,B,train
3KJ2,A,B,train
3KJ4,HL,A,train
3KJ6,HL,A,train
3KK4,A,B,train
3KKD,C,B,train
3KKI,A,B,train
3KL5,C,B,train
3KL9,C,J,train
3KLS,A,X,train
3KML,C,G,train
3KMZ,A,D,train
3KNB,A,B,train
3KNW,A,B,train
3KOC,E,F,train
3KP1,B,D,train
3KP1,D,H,train
3KPH,A,B,train
3KR3,H,D,train
3KR3,HL,D,train
3KS0,HL,B,train
3KS7,C,D,train
3KTC,A,B,train
3KTS,E,D,train
3KU4,C,D,train
3KU5,A,B,train
3KUC,A,B,train
3KUD,A,B,train
3KUR,G,H,train
3KV4,A,B,train
3KVP,A,F,train
3KVZ,A,B,train
3KW0,B,D,train
3KXE,A,C,train
3KXY,B,T,train
3KXY,J,X,train
3KYG,A,B,train
3KYI,A,B,train
3KYJ,A,B,train
3KYS,C,D,train
3KZ0,A,C,train
3KZ1,A,F,train
3KZ4,C,D,train
3KZ5,B,E,train
3KZI,E,D,train
3KZQ,A,E,train
3L09,A,B,train
3L0I,C,D,train
3L0R,A,B,train
3L0W,A,B,train
3L18,A,B,train
3L2B,A,B,train
3L31,A,B,train
3L32,A,B,train
3L34,G,H,train
3L5W,LH,I,train
3L5X,HL,A,train
3L6Y,A,B,train
3L7L,B,D,train
3L7Q,G,I,train
3L7T,C,B,train
3L82,A,B,train
3L89,ABC,M,train
3L8A,A,B,train
3L95,HL,Y,train
3L9F,C,B,train
3L9K,C,W,train
3L9W,A,B,train
3LA2,A,B,train
3LA6,I,P,train
3LA7,A,B,train
3LAO,C,B,train
3LB5,A,B,train
3LB6,A,C,train
3LB8,A,C,train
3LBS,A,B,train
3LBX,A,B,train
3LC8,A,B,train
3LCB,C,B,train
3LD8,CB,A,train
3LED,A,B,train
3LEE,A,B,train
3LEV,L,H,train
3LFK,A,D,train
3LFR,A,B,train
3LG2,A,B,train
3LGA,A,B,train
3LGS,C,D,train
3LH2,S,V,train
3LHR,A,B,train
3LIS,A,B,train
3LIZ,HL,A,train
3LJL,A,B,train
3LJQ,A,C,train
3LK2,B,T,train
3LK4,7,8,train
3LKU,E,F,train
3LL4,A,B,train
3LLK,A,B,train
3LLM,A,B,train
3LLS,A,B,train
3LMA,C,B,train
3LNL,A,B,train
3LNN,A,B,train
3LNZ,E,F,train
3LO3,O,P,train
3LOR,C,B,train
3LOS,A,B,train
3LOT,B,D,train
3LOU,C,D,train
3LOW,A,B,train
3LP6,A,B,train
3LQ6,A,B,train
3LR2,A,B,train
3LRC,C,D,train
3LRH,G,H,train
3LRQ,A,D,train
3LRU,A,B,train
3LSB,A,B,train
3LSJ,A,B,train
3LTE,C,D,train
3LTF,A,C,train
3LUB,I,H,train
3LVK,AC,B,train
3LVY,C,D,train
3LW7,A,B,train
3LWF,B,D,train
3LYH,A,B,train
3LYQ,A,B,train
3LYV,C,F,train
3M0Z,C,D,train
3M17,G,L,train
3M18,A,B,train
3M1A,E,D,train
3M1C,A,B,train
3M1I,A,C,train
3M1L,A,B,train
3M1R,A,C,train
3M1R,A,F,train
3M2T,A,B,train
3M2V,E,F,train
3M3R,E,D,train
3M4W,A,C,train
3M50,A,P,train
3M5K,A,B,train
3M5W,A,B,train
3M63,A,B,train
3M65,A,B,train
3M6N,C,B,train
3M84,A,B,train
3M8A,I,L,train
3M8E,A,B,train
3M8F,A,B,train
3M8J,A,B,train
3M8N,A,D,train
3M8N,B,D,train
3M92,A,B,train
3MA2,D,C,train
3MA9,A,H,train
3MA9,HL,A,train
3MAC,HL,A,train
3MAS,A,B,train
3MAU,C,D,train
3MAX,A,B,train
3MC0,A,B,train
3MCA,A,B,train
3MCZ,A,B,train
3MDO,A,B,train
3MDW,C,D,train
3ME2,A,R,train
3MEN,A,B,train
3MES,A,B,train
3MEX,A,B,train
3MF0,A,B,train
3MF1,A,B,train
3MGC,A,B,train
3MGX,A,B,train
3MHF,C,D,train
3MHH,A,B,train
3MHH,A,E,train
3MHP,C,B,train
3MHS,A,D,train
3MI8,A,D,train
3MIL,A,B,train
3MJ7,A,B,train
3MJH,A,B,train
3MJK,Y,X,train
3MJO,A,B,train
3MJQ,A,B,train
3MK7,A,B,train
3MK7,G,I,train
3MKQ,E,F,train
3MKR,A,B,train
3MLG,A,B,train
3MLI,C,D,train
3MLQ,A,E,train
3MMA,A,B,train
3MMC,B,D,train
3MMP,A,G,train
3MMY,E,F,train
3MMY,E,G,train
3MO4,A,B,train
3MOQ,A,C,train
3MPO,B,D,train
3MQ0,A,B,train
3MQ6,A,H,train
3MQ6,C,F,train
3MQH,A,B,train
3MQT,C,F,train
3MR7,A,C,train
3MT1,A,B,train
3MTS,C,B,train
3MVP,A,B,train
3MWE,A,B,train
3MWK,A,B,train
3MXN,A,B,train
3MXW,LH,A,train
3MYR,B,D,train
3MZG,A,B,train
3MZK,C,B,train
3MZK,C,D,train
3MZL,C,D,train
3MZL,F,H,train
3MZO,C,B,train
3N00,A,B,train
3N05,A,B,train
3N06,A,B,train
3N0P,A,B,train
3N0V,A,C,train
3N10,A,B,train
3N29,A,B,train
3N2L,E,F,train
3N2O,A,B,train
3N2S,C,D,train
3N3D,A,B,train
3N40,P,F,train
3N44,A,B,train
3N4P,A,B,train
3N4S,A,B,train
3N50,E,F,train
3N5C,A,B,train
3N5Z,A,B,train
3N6V,C,D,train
3N75,B,D,train
3N7R,C,B,train
3N84,B,D,train
3N85,HL,A,train
3N9X,A,B,train
3NAP,C,B,train
3NAU,A,B,train
3NBN,D,F,train
3NBS,C,D,train
3NBT,A,F,train
3NCB,A,B,train
3NCC,A,B,train
3NCY,C,D,train
3NDH,A,B,train
3NE2,A,B,train
3NFC,E,D,train
3NFG,K,M,train
3NFW,C,D,train
3NGF,A,B,train
3NGZ,A,B,train
3NH7,KO,D,train
3NHV,A,B,train
3NI7,A,B,train
3NIC,C,G,train
3NJ2,A,B,train
3NJA,A,B,train
3NJC,A,B,train
3NJH,C,D,train
3NK3,A,B,train
3NKH,A,B,train
3NKZ,C,D,train
3NL2,B,F,train
3NM7,A,B,train
3NMZ,A,C,train
3NN2,C,B,train
3NND,C,D,train
3NO7,A,B,train
3NOQ,A,B,train
3NOY,A,B,train
3NPS,BC,A,train
3NQN,A,B,train
3NQO,A,B,train
3NR1,A,B,train
3NRT,C,D,train
3NRV,B,D,train
3NS6,A,B,train
3NTE,A,B,train
3NUI,A,B,train
3NUT,C,B,train
3NV8,A,B,train
3NVA,A,B,train
3NVI,A,C,train
3NVN,A,B,train
3NVQ,A,B,train
3NVQ,A,E,train
3NVV,A,B,train
3NWL,A,B,train
3NWS,B,D,train
3NXZ,A,D,train
3NYB,A,B,train
3NYM,A,B,train
3NYN,A,B,train
3NZP,A,B,train
3O0E,C,E,train
3O0L,A,B,train
3O0N,A,B,train
3O0R,C,B,train
3O10,C,D,train
3O2B,A,B,train
3O2D,HL,A,train
3O2I,A,B,train
3O3M,C,D,train
3O3P,A,B,train
3O3Q,A,C,train
3O3W,E,D,train
3O40,A,B,train
3O43,A,B,train
3O44,K,L,train
3O5C,A,B,train
3O5T,A,B,train
3O61,A,B,train
3O6B,A,B,train
3O6Q,A,C,train
3O78,A,B,train
3O7X,C,D,train
3O8O,A,B,train
3O8O,A,D,train
3O91,A,D,train
3OAK,A,D,train
3OB0,H,M,train
3OBA,A,C,train
3OBK,G,F,train
3OBV,B,E,train
3OBV,C,D,train
3OBV,G,H,train
3OC3,B,D,train
3OCD,C,D,train
3ODM,G,F,train
3ODX,A,B,train
3OED,A,C,train
3OED,B,D,train
3OGH,A,B,train
3OGI,C,D,train
3OHM,A,B,train
3OIQ,A,B,train
3OJ8,A,B,train
3OJA,A,B,train
3OJI,A,B,train
3OJJ,A,C,train
3OKY,A,B,train
3OL0,A,C,train
3OL2,A,B,train
3OL3,A,B,train
3OM1,A,B,train
3OMT,A,B,train
3ON0,A,D,train
3ON0,C,B,train
3ON3,A,B,train
3ON5,A,B,train
3ONA,A,B,train
3ONL,A,B,train
3ONW,A,C,train
3OOQ,H,J,train
3OPC,A,B,train
3OPY,A,J,train
3OPY,D,J,train
3OPY,E,H,train
3OPZ,C,J,train
3OPZ,JN,C,train
3OQ2,A,B,train
3OQB,E,D,train
3OQP,A,B,train
3OR1,A,E,train
3OR3,A,B,train
3OSY,E,D,train
3OT4,B,F,train
3OTE,A,B,train
3OUN,A,B,train
3OUO,A,B,train
3OUW,A,B,train
3OUX,A,B,train
3OV3,A,B,train
3OV7,A,B,train
3OWT,A,C,train
3OX6,C,D,train
3OXO,E,F,train
3OXU,B,F,train
3OYF,A,B,train
3OZM,C,E,train
3P01,C,B,train
3P0C,A,B,train
3P0X,B,D,train
3P0Y,A,H,train
3P0Y,HL,A,train
3P16,A,C,train
3P30,HL,A,train
3P37,A,E,train
3P4G,A,B,train
3P52,A,B,train
3P57,IJ,P,train
3P6K,A,B,train
3P70,E,F,train
3P71,T,C,train
3P72,A,B,train
3P87,A,E,train
3P8C,A,D,train
3P8C,A,E,train
3P8C,A,F,train
3P8C,D,F,train
3P9I,C,D,train
3P9Q,C,B,train
3P9T,A,B,train
3PB2,C,B,train
3PBP,J,L,train
3PC8,A,C,train
3PC8,B,D,train
3PCC,D,P,train
3PCS,A,E,train
3PDI,A,B,train
3PDI,C,B,train
3PFD,C,D,train
3PFO,A,B,train
3PG9,E,H,train
3PGF,HL,A,train
3PH0,A,C,train
3PH1,A,B,train
3PHA,C,D,train
3PHF,C,D,train
3PHT,A,B,train
3PJA,B,D,train
3PJN,A,B,train
3PJS,K,N,train
3PJV,D,F,train
3PJZ,A,B,train
3PK1,A,B,train
3PKZ,E,F,train
3PL0,A,B,train
3PLA,K,M,train
3PM9,A,B,train
3PND,B,D,train
3PNK,A,B,train
3PNW,TS,U,train
3PQJ,C,D,train
3PQK,A,B,train
3PQR,A,B,train
3PR7,A,B,train
3PRB,A,B,train
3PRU,A,B,train
3PRU,A,C,train
3PUK,A,C,train
3PUT,A,B,train
3PUV,G,F,train
3PUZ,B,F,train
3PUZ,G,F,train
3PV6,A,B,train
3PVM,A,B,train
3PVR,A,C,train
3PVS,A,C,train
3PWS,A,B,train
3PXX,E,D,train
3PYI,A,B,train
3PZD,A,B,train
3Q0V,A,B,train
3Q0Y,E,F,train
3Q1P,A,B,train
3Q24,A,B,train
3Q31,A,B,train
3Q3G,HF,I,train
3Q3Y,A,B,train
3Q4H,A,B,train
3Q4U,A,B,train
3Q58,A,B,train
3Q6A,A,D,train
3Q6D,C,D,train
3Q6I,C,D,train
3Q6J,A,B,train
3Q7G,A,B,train
3Q9C,E,H,train
3Q9D,A,B,train
3Q9V,A,B,train
3QB2,A,B,train
3QBQ,A,B,train
3QBR,A,B,train
3QBT,A,B,train
3QBT,E,F,train
3QBU,A,B,train
3QBV,A,B,train
3QBX,A,B,train
3QC9,C,B,train
3QDK,C,D,train
3QE9,Y,Z,train
3QF7,B,D,train
3QGK,G,I,train
3QGK,J,R,train
3QGK,O,R,train
3QHA,A,B,train
3QHT,A,C,train
3QIS,A,B,train
3QIT,C,D,train
3QKW,C,B,train
3QLU,A,C,train
3QML,A,C,train
3QML,B,D,train
3QMW,C,B,train
3QNI,A,B,train
3QNR,A,B,train
3QNR,A,C,train
3QNW,C,D,train
3QOE,A,B,train
3QP8,C,D,train
3QPB,E,F,train
3QQ0,A,B,train
3QQ2,A,B,train
3QQW,E,F,train
3QR1,A,D,train
3QRF,G,F,train
3QT6,A,B,train
3QTA,A,B,train
3QTH,A,B,train
3QTY,A,B,train
3QU2,A,D,train
3QUM,KM,Q,train
3QVI,A,B,train
3QW2,A,B,train
3QWO,AB,C,train
3QWO,A,C,train
3QWU,A,B,train
3QX3,A,B,train
3QYF,A,B,train
3QYQ,A,C,train
3R0Q,A,C,train
3R1F,A,B,train
3R1G,HL,B,train
3R1X,A,B,train
3R2J,C,D,train
3R3S,C,D,train
3R3W,A,B,train
3R45,A,B,train
3R4D,A,B,train
3R4K,A,B,train
3R4O,A,B,train
3R4Q,C,D,train
3R5X,C,D,train
3R6A,A,B,train
3R6M,A,D,train
3R6Q,A,D,train
3R74,A,B,train
3R75,A,B,train
3R84,K,L,train
3R85,A,E,train
3R8K,C,B,train
3R8W,C,D,train
3R8Y,D,F,train
3R9A,AC,B,train
3RAJ,HL,A,train
3RAM,B,D,train
3RAM,C,D,train
3RBB,A,B,train
3RBB,A,C,train
3RBL,A,B,train
3RBN,A,B,train
3RBX,A,B,train
3RCY,A,C,train
3REA,A,B,train
3REA,C,D,train
3REB,A,B,train
3REP,A,B,train
3RF1,A,B,train
3RF6,A,B,train
3RFH,A,C,train
3RGB,G,F,train
3RGF,A,B,train
3RGU,A,B,train
3RGV,A,B,train
3RH7,E,F,train
3RH8,B,D,train
3RHF,B,D,train
3RHT,C,B,train
3RHU,A,B,train
3RIS,B,D,train
3RJR,C,D,train
3RKD,DC,B,train
3RKO,B,D,train
3RKO,K,N,train
3RLB,A,B,train
3RLQ,A,B,train
3RM5,A,B,train
3RMR,A,C,train
3RMU,C,D,train
3RO2,A,B,train
3RPF,C,B,train
3RPG,B,C,train
3RPX,C,B,train
3RRI,A,B,train
3RRL,C,D,train
3RRT,C,D,train
3RSI,C,B,train
3RTY,G,H,train
3RUW,A,B,train
3RV0,A,B,train
3RV2,A,B,train
3RV5,C,D,train
3RVV,DC,A,train
3RVW,CD,A,train
3RVX,A,D,train
3RVZ,A,B,train
3RWR,G,F,train
3RZW,D,A,train
3S19,A,B,train
3S1J,A,B,train
3S1M,A,H,train
3S28,C,B,train
3S29,C,D,train
3S2D,A,F,train
3S35,HL,X,train
3S35,H,X,train
3S55,C,B,train
3S5R,A,B,train
3S5U,C,E,train
3S5W,A,B,train
3S6L,C,B,train
3S6N,E,2,train
3S6Z,A,B,train
3S6Z,C,B,train
3S7R,A,B,train
3S97,A,C,train
3S9D,B,A,train
3SB1,A,B,train
3SBQ,A,B,train
3SC6,A,C,train
3SCH,A,B,train
3SDL,A,B,train
3SDL,A,C,train
3SE7,E,F,train
3SE9,HL,G,train
3SF4,A,B,train
3SF4,A,D,train
3SF4,C,F,train
3SF5,C,D,train
3SF8,A,B,train
3SGK,A,B,train
3SIP,E,D,train
3SJA,I,J,train
3SJD,C,D,train
3SJH,A,B,train
3SJR,A,B,train
3SJR,C,D,train
3SJV,D,E,train
3SK2,A,B,train
3SKJ,IM,F,train
3SKU,A,D,train
3SL7,A,B,train
3SLG,A,C,train
3SLG,C,B,train
3SN6,A,R,train
3SO3,CB,A,train
3SO5,A,B,train
3SOB,H,B,train
3SOB,HL,B,train
3SPS,A,C,train
3SQD,A,B,train
3SQL,A,B,train
3SQN,A,B,train
3SQO,HL,A,train
3SRI,A,B,train
3SRN,A,B,train
3SSM,C,B,train
3SSN,B,D,train
3SSO,C,B,train
3SSO,C,D,train
3STB,C,B,train
3SUA,A,D,train
3SVK,A,B,train
3SVR,A,C,train
3SWC,B,Q,train
3SXM,A,B,train
3SXY,A,B,train
3SYL,A,B,train
3SYN,A,E,train
3SZA,A,B,train
3SZK,A,C,train
3SZK,DE,F,train
3SZP,A,B,train
3T04,A,D,train
3T07,C,D,train
3T1B,B,D,train
3T1F,A,B,train
3T1Q,C,B,train
3T2N,IM,B,train
3T30,G,H,train
3T38,A,B,train
3T3X,A,B,train
3T4E,A,B,train
3T4N,A,C,train
3T5P,A,H,train
3T6G,A,B,train
3T6O,A,B,train
3T6O,A,C,train
3T88,B,F,train
3T89,B,E,train
3T8E,A,B,train
3T8L,A,B,train
3T91,A,B,train
3TA1,E,F,train
3TAC,A,B,train
3TAD,B,D,train
3TAI,A,B,train
3TCX,W,X,train
3TDK,G,H,train
3TDU,A,F,train
3TEO,I,J,train
3TG1,A,B,train
3TGN,A,B,train
3THA,A,B,train
3THO,A,B,train
3THX,A,B,train
3TIX,A,B,train
3TJB,A,B,train
3TJR,A,B,train
3TK1,A,B,train
3TKL,A,B,train
3TKR,B,H,train
3TL3,A,B,train
3TLF,B,D,train
3TLF,B,F,train
3TMK,E,F,train
3TND,E,F,train
3TNF,A,B,train
3TO3,A,B,train
3TOS,E,I,train
3TOZ,G,H,train
3TP4,A,B,train
3TPU,A,B,train
3TQC,A,B,train
3TQT,A,B,train
3TRJ,C,B,train
3TS3,B,D,train
3TS8,A,C,train
3TSC,C,D,train
3TSW,C,D,train
3TT1,HL,B,train
3TT3,HL,A,train
3TTX,B,D,train
3TUZ,E,F,train
3TV3,H,L,train
3TW8,C,D,train
3TW9,A,B,train
3TWO,A,B,train
3TXQ,D,G,train
3TY6,C,E,train
3TY7,A,B,train
3TZ1,A,B,train
3TZB,A,B,train
3U0H,A,B,train
3U1D,A,B,train
3U1J,A,B,train
3U2E,A,B,train
3U2S,AB,C,train
3U30,CB,A,train
3U33,I,J,train
3U43,A,B,train
3U52,A,E,train
3U5T,A,C,train
3U5Z,A,B,train
3U5Z,A,E,train
3U5Z,O,N,train
3U60,C,B,train
3U61,C,B,train
3U61,F,H,train
3U7Y,HL,G,train
3U82,A,B,train
3U8X,A,B,train
3U8Z,A,C,train
3U8Z,B,D,train
3U9D,A,B,train
3U9P,KM,C,train
3U9S,I,J,train
3U9U,AB,F,train
3U9Z,A,C,train
3UAK,A,B,train
3UBX,HL,A,train
3UC0,IM,B,train
3UDB,A,B,train
3UDI,A,B,train
3UG6,A,B,train
3UGV,C,H,train
3UIN,B,D,train
3UIP,A,D,train
3UIP,B,D,train
3UJ2,C,B,train
3UJG,A,B,train
3UK7,A,B,train
3UKV,A,B,train
3UKW,B,C,train
3UKX,B,C,train
3UKZ,B,C,train
3UL0,B,C,train
3UL1,B,A,train
3UL4,A,B,train
3ULA,A,D,train
3ULQ,A,B,train
3UO2,A,B,train
3UO3,A,B,train
3UPT,A,B,train
3UX9,A,B,train
3UYO,A,D,train
3UYP,A,B,train
3UZ0,A,B,train
3UZE,A,C,train
3UZQ,A,B,train
3V1C,A,B,train
3V4Y,A,B,train
3V6B,A,R,train
3V6O,CE,A,train
3V6Z,AB,F,train
3V7A,EH,A,train
3VCB,A,B,train
3VEP,X,D,train
3VG8,E,F,train
3VG9,CB,A,train
3VGK,E,H,train
3VH0,B,D,train
3VH3,A,B,train
3VI4,FE,B,train
3VLB,A,B,train
3VRL,HL,C,train
3VV2,A,B,train
3W2D,HL,A,train
3W8H,A,B,train
3W8I,A,B,train
3W9E,AB,C,train
3WA0,A,G,train
3WKM,IM,B,train
3WKT,A,C,train
3WLW,HL,B,train
3WO3,A,B,train
3WQB,A,B,train
3WRX,A,C,train
3WRY,A,C,train
3WSQ,HL,A,train
3WWN,A,B,train
3X3F,HL,A,train
3ZET,A,B,train
3ZEU,D,E,train
3ZJY,E,D,train
3ZKM,CD,B,train
3ZKQ,A,D,train
3ZNZ,A,B,train
3ZO0,A,B,train
3ZQ4,A,E,train
3ZQ4,E,D,train
3ZQP,C,B,train
3ZRJ,A,X,train
3ZRK,A,X,train
3ZRX,A,B,train
3ZS9,C,B,train
3ZTG,A,B,train
3ZU7,A,B,train
3ZUP,A,B,train
3ZUV,A,B,train
3ZV0,B,D,train
3ZV0,C,D,train
3ZVK,D,G,train
3ZVQ,A,B,train
3ZWZ,A,B,train
3ZXQ,A,B,train
3ZYI,A,B,train
3ZYJ,A,B,train
3ZYL,A,B,train
3ZZV,A,B,train
4A1S,B,E,train
4A1U,A,B,train
4A49,A,B,train
4AEI,HL,A,train
4AG4,HL,A,train
4AL8,HL,C,train
4AP2,A,B,train
4APX,A,B,train
4AQE,A,B,train
4AWX,A,B,train
4B4S,A,B,train
4BFI,A,B,train
4BKX,A,B,train
4BOH,B,A,train
4BPX,C,D,train
4BRU,A,B,train
4BRW,A,B,train
4BYF,C,D,train
4BZ1,HL,A,train
4BZ2,HL,A,train
4C2A,A,B,train
4C2B,A,B,train
4C4K,T,O,train
4C4P,A,B,train
4C5G,A,B,train
4C7N,A,B,train
4C9B,A,B,train
4CAD,HG,I,train
4CC4,A,B,train
4CJ2,B,C,train
4CMH,BC,A,train
4CNI,HL,C,train
4CT0,A,B,train
4CU4,A,B,train
4CVW,A,C,train
4D0G,A,C,train
4D0N,A,B,train
4D3C,HL,A,train
4D9Q,ED,B,train
4DAG,HL,A,train
4DBG,A,B,train
4DH2,A,B,train
4DID,A,B,train
4DJ9,A,B,train
4DKE,IM,B,train
4DKF,HL,A,train
4DM6,A,E,train
4DM8,A,C,train
4DN4,LH,M,train
4DS8,A,B,train
4DT1,A,B,train
4DTG,HL,K,train
4DVG,A,B,train
4DX8,A,J,train
4DXA,A,B,train
4DZU,A,B,train
4DZV,A,B,train
4E42,A,B,train
4EDW,HL,V,train
4EDX,HL,V,train
4EHQ,A,G,train
4EIZ,A,D,train
4EKC,A,B,train
4EKD,A,B,train
4ENE,EF,B,train
4EOZ,A,B,train
4ERS,HL,A,train
4ETP,A,B,train
4ETW,A,B,train
4EUK,A,B,train
4EXP,A,X,train
4F15,HI,G,train
4F2M,CD,F,train
4F37,HL,A,train
4F38,A,B,train
4F48,A,B,train
4F9L,A,B,train
4F9P,A,B,train
4FFV,DC,B,train
4FFY,HL,A,train
4FQ0,B,C,train
4FQI,HL,ABEFCD,train
4FQJ,HL,A,train
4FZV,A,B,train
4G01,A,B,train
4G35,A,B,train
4G59,A,C,train
4G6J,HL,A,train
4G6M,HL,A,train
4G6V,A,B,train
4G7V,HL,S,train
4G80,EF,T,train
4GAF,B,A,train
4GAM,AFBGCH,D,train
4GEH,A,B,train
4GIQ,A,R,train
4GLA,A,D,train
4GLV,A,B,train
4GN3,A,B,train
4GN4,B,A,train
4GN5,A,D,train
4GNK,A,B,train
4GXU,MN,ABEFCD,train
4H03,A,B,train
4H3P,A,B,train
4H5S,A,B,train
4H6J,A,B,train
4H88,HL,A,train
4H8W,HL,G,train
4HC1,MN,B,train
4HCN,A,B,train
4HCP,A,B,train
4HCR,HL,A,train
4HEP,A,G,train
4HF5,HL,A,train
4HFF,A,B,train
4HFU,HL,A,train
4HGK,A,D,train
4HGM,B,A,train
4HJ0,PQ,A,train
4HKX,AB,E,train
4HRL,C,A,train
4HT1,HL,T,train
4HX3,BD,A,train
4I0C,A,D,train
4I18,HL,C,train
4I77,HL,Z,train
4IC7,A,B,train
4IDJ,HL,A,train
4IJ3,CB,A,train
4IKA,A,D,train
4IOS,D,H,train
4IRZ,HL,A,train
4IU3,A,B,train
4IYP,A,C,train
4IZ7,A,B,train
4J2L,A,C,train
4J32,A,B,train
4J4P,HL,A,train
4J6G,A,C,train
4J6R,HL,G,train
4JB9,HL,G,train
4JCV,ADBC,E,train
4JDT,HL,G,train
4JE4,A,B,train
4JEG,A,B,train
4JEH,A,B,train
4JEU,A,B,train
4JLR,HL,S,train
4JPV,HL,G,train
4JPW,HL,G,train
4JR9,HL,A,train
4JS0,A,B,train
4JW2,A,B,train
4JZJ,HL,C,train
4K0A,A,R,train
4K2U,IM,B,train
4K3J,HL,B,train
4K5A,A,B,train
4K5B,D,A,train
4K81,A,B,train
4K9E,HL,C,train
4KA2,A,R,train
4KI5,EF,M,train
4KJY,A,B,train
4KT1,A,E,train
4KT3,A,B,train
4KUC,FE,I,train
4KVG,A,B,train
4KVN,HL,A,train
4L5F,HL,E,train
4LEO,AB,C,train
4LGP,A,B,train
4LGR,A,B,train
4LIQ,HL,E,train
4LMQ,HL,D,train
4LQF,HL,A,train
4LSP,HL,G,train
4LST,HL,G,train
4LSU,HL,G,train
4LU5,IM,A,train
4LVH,HI,G,train
4LVN,CB,A,train
4LW4,AB,C,train
4LZX,A,B,train
4M1L,A,B,train
4M62,HL,S,train
4M6B,A,C,train
4M76,A,B,train
4MHH,JK,A,train
4MHJ,L,H,train
4MI8,A,C,train
4MIT,A,E,train
4MJS,A,B,train
4ML7,A,B,train
4MP0,A,B,train
4MQV,A,B,train
4MRT,C,A,train
4MWF,HL,C,train
4MXV,FE,B,train
4MYW,A,B,train
4N7Z,A,B,train
4NE9,A,P,train
4NIQ,A,C,train
4NL9,A,C,train
4NM3,A,B,train
4NNP,HL,A,train
4NP4,HL,A,train
4NQW,A,B,train
4NU1,A,B,train
4NZR,HL,M,train
4O9H,HL,A,train
4OD2,BA,S,train
4OFY,A,D,train
4OII,HL,A,train
4OJK,A,C,train
4OKV,CD,E,train
4OL0,A,B,train
4OLZ,HL,G,train
4OM1,HL,G,train
4ONS,A,B,train
4OQT,HL,A,train
4OVN,A,F,train
4OYD,A,B,train
4P3Y,A,B,train
4P59,HL,A,train
4P5T,A,B,train
4PAS,A,B,train
4PBV,A,C,train
4PBW,B,E,train
4PBZ,A,B,train
4PC0,A,C,train
4PER,A,B,train
4PGJ,A,B,train
4PLJ,DC,B,train
4PLO,B,A,train
4PS4,HL,A,train
4PVZ,A,C,train
4PW9,A,B,train
4PZ6,A,Q,train
4Q5U,A,C,train
4Q6I,ED,J,train
4Q96,D,E,train
4QCI,HL,C,train
4QHU,BA,D,train
4QLP,A,B,train
4QRP,K,L,train
4QVF,A,B,train
4QWW,DC,B,train
4QXA,A,B,train
4RAU,ED,F,train
4RDQ,GF,E,train
4RE1,A,D,train
4REY,A,B,train
4RGM,HL,S,train
4RGN,FG,S,train
4RGO,HL,S,train
4RJF,A,B,train
4RT6,A,B,train
4RWS,A,C,train
4RWT,A,D,train
4RWY,HL,A,train
4RX4,HL,G,train
4S0S,A,D,train
4S1Q,HL,G,train
4S1R,HL,G,train
4S1S,HL,G,train
4TNW,IO,D,train
4TSB,HL,A,train
4TSC,HL,A,train
4TTD,HL,A,train
4U0Q,A,B,train
4U0R,BC,A,train
4U1G,BC,A,train
4U2X,A,D,train
4U32,X,A,train
4U4C,A,B,train
4U6H,AB,E,train
4U6V,HL,A,train
4UAO,CB,A,train
4UEM,A,B,train
4UF1,A,B,train
4UI1,D,A,train
4UT6,IM,B,train
4UT9,JN,D,train
4UU9,AB,C,train
4UV7,HL,A,train
4UWX,A,C,train
4UYQ,A,B,train
4V1D,DE,C,train
4V2C,A,B,train
4W6W,A,B,train
4W6Y,A,B,train
4WEU,D,B,train
4WFF,ED,A,train
4WND,A,B,train
4WNN,A,B,train
4WV1,BA,C,train
4WWI,A,D,train
4X33,A,B,train
4X7S,H,L,train
4XAK,HL,A,train
4XHU,C,D,train
4XKL,A,B,train
4XNQ,BA,D,train
4XNY,HL,G,train
4XNZ,EF,D,train
4XOI,A,B,train
4XP4,HL,A,train
4XTR,EF,A,train
4XVP,A,D,train
4XVT,HL,G,train
4XWJ,A,B,train
4Y5O,A,B,train
4Y5V,DE,F,train
4Y5X,JK,L,train
4Y5Y,DE,F,train
4Y61,A,B,train
4YBQ,FE,A,train
4YC7,A,B,train
4YDI,HL,G,train
4YDK,HL,G,train
4YDL,HL,G,train
4YE4,HL,G,train
4YFL,FI,E,train
4YH7,A,B,train
4YIQ,A,B,train
4YIZ,A,B,train
4YJ4,A,B,train
4YK4,CB,A,train
4YL8,A,B,train
4YOC,A,C,train
4YPG,BA,C,train
4YPI,C,G,train
4YVQ,A,C,train
4YWG,IM,Q,train
4YYP,A,B,train
4Z5R,BA,N,train
4Z80,A,C,train
4ZFG,HL,A,train
4ZGM,A,B,train
4ZGQ,A,B,train
4ZGY,A,B,train
4ZI2,A,C,train
4ZII,A,C,train
4ZLT,B,F,train
4ZPT,HL,S,train
4ZRJ,A,B,train
4ZRK,A,E,train
4ZRP,A,C,train
4ZS6,CD,B,train
4ZS7,HL,A,train
4ZSO,BA,E,train
4ZV4,A,C,train
4ZXB,CD,E,train
5AAM,A,C,train
5AAW,A,C,train
5ABV,A,B,train
5AGW,B,C,train
5AGX,A,D,train
5AJJ,A,B,train
5ANM,BA,G,train
5B3J,EF,C,train
5B64,A,B,train
5B71,BA,E,train
5BJZ,CL,A,train
5BK1,CD,B,train
5BK2,CD,B,train
5BN5,A,B,train
5BNQ,A,R,train
5BO1,IM,A,train
5BOZ,A,G,train
5BV7,HL,A,train
5BW7,A,B,train
5C0N,HL,A,train
5C3F,A,B,train
5C6T,HL,A,train
5C8J,AB,I,train
5CMN,A,E,train
5CSC,A,B,train
5CTR,A,C,train
5CUS,HL,A,train
5CXB,A,B,train
5CYK,A,B,train
5CZF,A,D,train
5CZV,HL,A,train
5CZX,HL,A,train
5D1Q,CD,E,train
5D1X,CD,E,train
5D1Z,DC,I,train
5D5M,A,B,train
5D70,HL,A,train
5D71,HL,A,train
5D72,MN,B,train
5D7L,A,B,train
5D8J,HL,A,train
5D93,CB,A,train
5D96,JI,D,train
5DC4,A,B,train
5DCQ,C,F,train
5DFV,EF,B,train
5DFW,A,H,train
5DHV,AB,N,train
5DJU,B,A,train
5DMI,HL,A,train
5DO2,CD,B,train
5DOB,A,B,train
5DUM,HL,A,train
5DUP,HL,A,train
5DUR,HL,C,train
5E6P,A,B,train
5E8E,BA,H,train
5E94,BA,G,train
5E95,B,A,train
5EE5,A,B,train
5EG3,A,B,train
5EII,HL,G,train
5EN2,AB,C,train
5EO9,A,B,train
5EP6,A,B,train
5ESV,AB,E,train
5ET1,A,C,train
5EU7,EC,A,train
5F3B,AB,C,train
5F3H,AB,J,train
5F5S,A,B,train
5F96,HL,G,train
5F9O,HL,G,train
5F9W,HL,G,train
5FB8,BA,C,train
5FCU,HL,G,train
5FR1,A,B,train
5FR2,A,B,train
5FV2,X,A,train
5FVK,A,C,train
5FZT,A,B,train
5GGS,AB,Z,train
5GGT,HL,A,train
5GGV,HL,Y,train
5GLH,A,B,train
5GMQ,BC,A,train
5GS0,FE,B,train
5GZO,HL,A,train
5H35,FG,E,train
5HBT,DC,B,train
5HDQ,HL,A,train
5HI5,CD,A,train
5HPS,A,B,train
5HPY,A,B,train
5HVF,A,B,train
5HVG,A,B,train
5I9Q,BC,A,train
5IJ9,A,B,train
5IKC,BA,M,train
5IMT,A,D,train
5IP4,A,E,train
5IUS,A,C,train
5IXD,A,B,train
5J13,CB,A,train
5J3H,CD,E,train
5J4A,A,B,train
5J56,A,B,train
5J57,A,B,train
5J7C,A,C,train
5J8H,A,B,train
5JG6,A,B,train
5JHL,HL,A,train
5JQ6,HL,A,train
5JSB,A,B,train
5JSN,A,B,train
5JZ7,CD,A,train
5JZE,B,A,train
5K59,HL,A,train
5K8Q,A,B,train
5K9O,HL,I,train
5KAQ,FG,C,train
5KJR,HL,G,train
5KTE,HL,A,train
5KVD,HL,E,train
5KVE,HL,E,train
5KVF,HL,E,train
5KVG,HL,E,train
5KW9,HL,A,train
5L0Q,FE,D,train
5L6Y,HL,C,train
5L8J,A,B,train
5LBS,HL,A,train
5LDN,HL,A,train
5LI1,A,B,train
5LQB,HL,A,train
5LRW,A,B,train
5LSP,ST,P,train
5LWY,HL,A,train
5LXM,A,D,train
5LXQ,B,A,train
5MES,HL,A,train
5MHR,KJ,C,train
5MO9,HL,X,train
5MVZ,HL,U,train
5NMV,HL,K,train
5NUZ,AB,C,train
5O4G,BA,C,train
5O4O,BA,C,train
5OB5,HL,A,train
5OCC,HL,A,train
5SV3,A,B,train
5SX5,HL,N,train
5SY8,HL,O,train
5SZH,A,B,train
5SZI,A,B,train
5SZJ,A,B,train
5SZK,A,B,train
5T29,HL,O,train
5T33,HL,G,train
5T3Z,DE,G,train
5T5B,HL,E,train
5T5F,HL,A,train
5TAR,A,B,train
5TE7,HL,G,train
5TFW,HL,O,train
5TH9,HL,A,train
5TIH,HL,A,train
5TL5,HL,A,train
5TLJ,DC,X,train
5TLK,HG,Y,train
5TPN,HL,A,train
5TRU,HL,C,train
5TUD,CB,A,train
5TZ2,HL,C,train
5TZT,HL,C,train
5TZU,HL,C,train
5U8R,HL,A,train
5UCB,HL,B,train
5UDC,EG,D,train
5UEA,HL,D,train
5UEM,HL,G,train
5UG0,DC,A,train
5UMN,CD,B,train
5UOE,PQ,C,train
5USH,HL,X,train
5USL,BC,A,train
5UTZ,JK,I,train
5VAG,CB,A,train
5VCN,FE,A,train
5VEB,AB,X,train
5VIC,HL,E,train
5VIG,AB,G,train
5VJQ,GH,L,train
5VL7,HL,B,train
5VLP,HL,A,train
5VYF,HL,F,train
5W06,HL,T,train
5W08,OP,E,train
5W0D,BC,A,train
5W0K,HL,A,train
5W1K,DC,E,train
5W2B,HL,A,train
5W5Z,HL,A,train
5W6D,HL,G,train
5W6G,HL,A,train
5WB9,HL,G,train
5WI9,HL,A,train
5XBM,BA,C,train
5XHV,PQ,A,train
5XIM,A,D,train
5XJ4,HL,A,train
5XKU,CB,A,train
5XMH,DC,B,train
5XWD,HD,A,train
5XXY,HL,A,train
5Y9F,VU,F,train
5YOY,HE,C,train
5YY5,HL,A,train
6ALD,C,B,train
6AOD,BA,C,train
6AQ7,HL,A,train
6ATT,HL,A,train
6AYZ,RC,M,train
6AZZ,CB,A,train
6B08,CB,A,train
6B0A,HL,A,train
6B0E,BA,E,train
6B0G,DC,E,train
6B0H,BA,J,train
6B9J,HL,X,train
6BCK,HL,G,train
6BDZ,HL,A,train
6BF4,BC,A,train
6BIT,JL,G,train
6BP2,HL,A,train
6BPA,BC,A,train
6BPE,EF,D,train
6C6Z,CD,A,train
6C9U,HL,A,train
6CH7,QR,G,train
6CK9,DE,B,train
6CYF,UT,Q,train
6ELU,EF,D,train
6FAX,HL,R,train
6PFK,C,D,train
6REQ,C,D,train
7CEI,A,B,train
7MDH,A,B,train
